<?xml version="1.0" encoding="UTF-8"?>
<!DOCTYPE plist PUBLIC "-//Apple//DTD PLIST 1.0//EN" "http://www.apple.com/DTDs/PropertyList-1.0.dtd"/>

<plist version="1.0">
    <dict>
        <key>ROOT</key>
        <array>
            <dict>
                <key>id</key>
                <string>103</string>
                <key>children</key>
                <array>
                    <string>119</string>
                    <string>217</string>
                    <string>429</string>
                    <string>453</string>
                    <string>515</string>
                    <string>605</string>
                    <string>610</string>
                    <string>641</string>
                </array>
                <key>childLinkers</key>
                <array/>
            </dict>
            <dict>
                <key>id</key>
                <string>1249</string>
                <key>children</key>
                <array>
                    <string>1250</string>
                    <string>1251</string>
                    <string>1256</string>
                    <string>1371</string>
                    <string>1374</string>
                </array>
                <key>childLinkers</key>
                <array/>
            </dict>
            <dict>
                <key>id</key>
                <string>1395</string>
                <key>children</key>
                <array>
                    <string>1396</string>
                    <string>1400</string>
                    <string>2059</string>
                </array>
                <key>childLinkers</key>
                <array/>
            </dict>
            <dict>
                <key>id</key>
                <string>2125</string>
                <key>children</key>
                <array>
                    <string>2126</string>
                    <string>2127</string>
                    <string>2128</string>
                </array>
                <key>childLinkers</key>
                <array/>
            </dict>
            <dict>
                <key>id</key>
                <string>2105</string>
                <key>children</key>
                <array>
                    <string>2106</string>
                    <string>2107</string>
                    <string>2108</string>
                </array>
                <key>childLinkers</key>
                <array/>
            </dict>
            <dict>
                <key>id</key>
                <string>2085</string>
                <key>children</key>
                <array>
                    <string>2086</string>
                    <string>2087</string>
                    <string>2088</string>
                </array>
                <key>childLinkers</key>
                <array/>
            </dict>
            <dict>
                <key>id</key>
                <string>2065</string>
                <key>children</key>
                <array>
                    <string>2066</string>
                    <string>2067</string>
                    <string>2068</string>
                </array>
                <key>childLinkers</key>
                <array/>
            </dict>
            <dict>
                <key>id</key>
                <string>1407</string>
                <key>children</key>
                <array>
                    <string>1409</string>
                    <string>1584</string>
                    <string>1588</string>
                    <string>1835</string>
                    <string>1837</string>
                    <string>2001</string>
                </array>
                <key>childLinkers</key>
                <array/>
            </dict>
            <dict>
                <key>id</key>
                <string>2130</string>
                <key>children</key>
                <array>
                    <string>2131</string>
                    <string>2132</string>
                    <string>2133</string>
                    <string>2134</string>
                    <string>2135</string>
                    <string>2136</string>
                </array>
                <key>childLinkers</key>
                <array/>
            </dict>
            <dict>
                <key>id</key>
                <string>2110</string>
                <key>children</key>
                <array>
                    <string>2111</string>
                    <string>2112</string>
                    <string>2113</string>
                    <string>2114</string>
                    <string>2115</string>
                    <string>2116</string>
                </array>
                <key>childLinkers</key>
                <array/>
            </dict>
            <dict>
                <key>id</key>
                <string>2090</string>
                <key>children</key>
                <array>
                    <string>2091</string>
                    <string>2092</string>
                    <string>2093</string>
                    <string>2094</string>
                    <string>2095</string>
                    <string>2096</string>
                </array>
                <key>childLinkers</key>
                <array/>
            </dict>
            <dict>
                <key>id</key>
                <string>2070</string>
                <key>children</key>
                <array>
                    <string>2071</string>
                    <string>2072</string>
                    <string>2073</string>
                    <string>2074</string>
                    <string>2075</string>
                    <string>2076</string>
                </array>
                <key>childLinkers</key>
                <array/>
            </dict>
            <dict>
                <key>id</key>
                <string>104</string>
                <key>children</key>
                <array>
                    <string>143</string>
                    <string>171</string>
                    <string>175</string>
                    <string>177</string>
                    <string>351</string>
                    <string>353</string>
                    <string>355</string>
                    <string>359</string>
                    <string>369</string>
                    <string>371</string>
                    <string>373</string>
                    <string>375</string>
                    <string>377</string>
                    <string>379</string>
                    <string>381</string>
                    <string>383</string>
                    <string>385</string>
                    <string>387</string>
                    <string>389</string>
                    <string>394</string>
                    <string>426</string>
                    <string>463</string>
                    <string>467</string>
                    <string>471</string>
                    <string>475</string>
                    <string>484</string>
                    <string>499</string>
                    <string>571</string>
                    <string>577</string>
                    <string>582</string>
                    <string>594</string>
                    <string>596</string>
                    <string>675</string>
                    <string>755</string>
                    <string>773</string>
                    <string>775</string>
                    <string>777</string>
                    <string>779</string>
                    <string>781</string>
                    <string>858</string>
                    <string>881</string>
                    <string>935</string>
                    <string>951</string>
                </array>
                <key>childLinkers</key>
                <array/>
            </dict>
            <dict>
                <key>id</key>
                <string>938</string>
                <key>children</key>
                <array>
                    <string>944</string>
                    <string>1066</string>
                    <string>1069</string>
                    <string>1071</string>
                    <string>1073</string>
                    <string>1075</string>
                    <string>1077</string>
                    <string>1079</string>
                    <string>1081</string>
                    <string>1083</string>
                    <string>1085</string>
                    <string>1087</string>
                    <string>1089</string>
                    <string>1091</string>
                    <string>1093</string>
                    <string>1095</string>
                    <string>1097</string>
                    <string>1113</string>
                    <string>1115</string>
                    <string>1117</string>
                    <string>1119</string>
                    <string>1121</string>
                    <string>1123</string>
                    <string>1125</string>
                </array>
                <key>childLinkers</key>
                <array/>
            </dict>
            <dict>
                <key>id</key>
                <string>939</string>
                <key>children</key>
                <array>
                    <string>1017</string>
                    <string>1021</string>
                    <string>1031</string>
                    <string>1033</string>
                    <string>1035</string>
                    <string>1047</string>
                    <string>1059</string>
                    <string>1061</string>
                    <string>1101</string>
                    <string>1103</string>
                    <string>1105</string>
                    <string>1107</string>
                    <string>1109</string>
                    <string>1133</string>
                    <string>1135</string>
                    <string>1137</string>
                    <string>1139</string>
                    <string>1141</string>
                    <string>1143</string>
                    <string>1145</string>
                    <string>1147</string>
                    <string>1149</string>
                    <string>1154</string>
                </array>
                <key>childLinkers</key>
                <array/>
            </dict>
        </array>
    </dict>
</plist>
