<?xml version="1.0" encoding="UTF-8"?>
<!DOCTYPE plist PUBLIC "-//Apple//DTD PLIST 1.0//EN" "http://www.apple.com/DTDs/PropertyList-1.0.dtd"/>

<plist version="1.0">
    <dict>
        <key>ROOT</key>
        <array>
            <dict>
                <key>id</key>
                <string>155</string>
                <key>Image</key>
                <dict>
                    <key>value</key>
                    <string>150</string>
                </dict>
            </dict>
            <dict>
                <key>id</key>
                <string>346</string>
                <key>Image</key>
                <dict>
                    <key>value</key>
                    <string>341</string>
                </dict>
            </dict>
            <dict>
                <key>id</key>
                <string>447</string>
                <key>Image</key>
                <dict>
                    <key>value</key>
                    <string>441</string>
                </dict>
            </dict>
            <dict>
                <key>id</key>
                <string>1641</string>
                <key>Image</key>
                <dict>
                    <key>value</key>
                    <string>1621</string>
                </dict>
            </dict>
            <dict>
                <key>id</key>
                <string>1651</string>
                <key>Image</key>
                <dict>
                    <key>value</key>
                    <string>1621</string>
                </dict>
            </dict>
            <dict>
                <key>id</key>
                <string>1661</string>
                <key>Image</key>
                <dict>
                    <key>value</key>
                    <string>1621</string>
                </dict>
            </dict>
            <dict>
                <key>id</key>
                <string>1671</string>
                <key>Image</key>
                <dict>
                    <key>value</key>
                    <string>1621</string>
                </dict>
            </dict>
            <dict>
                <key>id</key>
                <string>1688</string>
                <key>Image</key>
                <dict>
                    <key>value</key>
                    <string>1621</string>
                </dict>
            </dict>
            <dict>
                <key>id</key>
                <string>1698</string>
                <key>Image</key>
                <dict>
                    <key>value</key>
                    <string>1621</string>
                </dict>
            </dict>
            <dict>
                <key>id</key>
                <string>1708</string>
                <key>Image</key>
                <dict>
                    <key>value</key>
                    <string>1621</string>
                </dict>
            </dict>
            <dict>
                <key>id</key>
                <string>1726</string>
                <key>Image</key>
                <dict>
                    <key>value</key>
                    <string>1621</string>
                </dict>
            </dict>
            <dict>
                <key>id</key>
                <string>1750</string>
                <key>Image</key>
                <dict>
                    <key>value</key>
                    <string>1621</string>
                </dict>
            </dict>
            <dict>
                <key>id</key>
                <string>1760</string>
                <key>Image</key>
                <dict>
                    <key>value</key>
                    <string>1621</string>
                </dict>
            </dict>
            <dict>
                <key>id</key>
                <string>1770</string>
                <key>Image</key>
                <dict>
                    <key>value</key>
                    <string>1621</string>
                </dict>
            </dict>
            <dict>
                <key>id</key>
                <string>1781</string>
                <key>Image</key>
                <dict>
                    <key>value</key>
                    <string>1621</string>
                </dict>
            </dict>
            <dict>
                <key>id</key>
                <string>1790</string>
                <key>Image</key>
                <dict>
                    <key>value</key>
                    <string>1621</string>
                </dict>
            </dict>
            <dict>
                <key>id</key>
                <string>1799</string>
                <key>Image</key>
                <dict>
                    <key>value</key>
                    <string>1621</string>
                </dict>
            </dict>
            <dict>
                <key>id</key>
                <string>1822</string>
                <key>Image</key>
                <dict>
                    <key>value</key>
                    <string>1818</string>
                </dict>
            </dict>
            <dict>
                <key>id</key>
                <string>1827</string>
                <key>Image</key>
                <dict>
                    <key>value</key>
                    <string>1621</string>
                </dict>
            </dict>
            <dict>
                <key>id</key>
                <string>1845</string>
                <key>Image</key>
                <dict>
                    <key>value</key>
                    <string>1621</string>
                </dict>
            </dict>
            <dict>
                <key>id</key>
                <string>1854</string>
                <key>Image</key>
                <dict>
                    <key>value</key>
                    <string>1621</string>
                </dict>
            </dict>
            <dict>
                <key>id</key>
                <string>1863</string>
                <key>Image</key>
                <dict>
                    <key>value</key>
                    <string>1621</string>
                </dict>
            </dict>
            <dict>
                <key>id</key>
                <string>1880</string>
                <key>Image</key>
                <dict>
                    <key>value</key>
                    <string>1621</string>
                </dict>
            </dict>
            <dict>
                <key>id</key>
                <string>1889</string>
                <key>Image</key>
                <dict>
                    <key>value</key>
                    <string>1621</string>
                </dict>
            </dict>
            <dict>
                <key>id</key>
                <string>1898</string>
                <key>Image</key>
                <dict>
                    <key>value</key>
                    <string>1621</string>
                </dict>
            </dict>
            <dict>
                <key>id</key>
                <string>1912</string>
                <key>Image</key>
                <dict>
                    <key>value</key>
                    <string>1907</string>
                </dict>
            </dict>
            <dict>
                <key>id</key>
                <string>1984</string>
                <key>Image</key>
                <dict>
                    <key>value</key>
                    <string>150</string>
                </dict>
            </dict>
            <dict>
                <key>id</key>
                <string>1987</string>
                <key>Image</key>
                <dict>
                    <key>value</key>
                    <string>150</string>
                </dict>
            </dict>
            <dict>
                <key>id</key>
                <string>1990</string>
                <key>Image</key>
                <dict>
                    <key>value</key>
                    <string>150</string>
                </dict>
            </dict>
            <dict>
                <key>id</key>
                <string>2013</string>
                <key>Image</key>
                <dict>
                    <key>value</key>
                    <string>2014</string>
                </dict>
            </dict>
            <dict>
                <key>id</key>
                <string>2021</string>
                <key>Image</key>
                <dict>
                    <key>value</key>
                    <string>2014</string>
                </dict>
            </dict>
            <dict>
                <key>id</key>
                <string>2024</string>
                <key>Image</key>
                <dict>
                    <key>value</key>
                    <string>2022</string>
                </dict>
            </dict>
            <dict>
                <key>id</key>
                <string>2028</string>
                <key>Image</key>
                <dict>
                    <key>value</key>
                    <string>2014</string>
                </dict>
            </dict>
            <dict>
                <key>id</key>
                <string>2031</string>
                <key>Image</key>
                <dict>
                    <key>value</key>
                    <string>2029</string>
                </dict>
            </dict>
            <dict>
                <key>id</key>
                <string>2034</string>
                <key>Image</key>
                <dict>
                    <key>value</key>
                    <string>2014</string>
                </dict>
            </dict>
            <dict>
                <key>id</key>
                <string>2037</string>
                <key>Image</key>
                <dict>
                    <key>value</key>
                    <string>2035</string>
                </dict>
            </dict>
            <dict>
                <key>id</key>
                <string>2050</string>
                <key>Image</key>
                <dict>
                    <key>value</key>
                    <string>2014</string>
                </dict>
            </dict>
            <dict>
                <key>id</key>
                <string>2053</string>
                <key>Image</key>
                <dict>
                    <key>value</key>
                    <string>2051</string>
                </dict>
            </dict>
            <dict>
                <key>id</key>
                <string>2079</string>
                <key>Image</key>
                <dict>
                    <key>value</key>
                    <string>2014</string>
                </dict>
            </dict>
            <dict>
                <key>id</key>
                <string>2099</string>
                <key>Image</key>
                <dict>
                    <key>value</key>
                    <string>2014</string>
                </dict>
            </dict>
            <dict>
                <key>id</key>
                <string>2119</string>
                <key>Image</key>
                <dict>
                    <key>value</key>
                    <string>2014</string>
                </dict>
            </dict>
            <dict>
                <key>id</key>
                <string>2139</string>
                <key>Image</key>
                <dict>
                    <key>value</key>
                    <string>2014</string>
                </dict>
            </dict>
        </array>
    </dict>
</plist>
