<?xml version="1.0" encoding="UTF-8"?>
<!DOCTYPE plist PUBLIC "-//Apple//DTD PLIST 1.0//EN" "http://www.apple.com/DTDs/PropertyList-1.0.dtd"/>

<plist version="1.0">
    <dict>
        <key>ROOT</key>
        <array>
            <dict>
                <key>id</key>
                <string>106</string>
                <key>className</key>
                <string>PTModelSprite</string>
                <key>Name</key>
                <dict>
                    <key>value</key>
                    <string>Background</string>
                </dict>
                <key>pos</key>
                <string>{1140.00,237.00}</string>
                <key>offset</key>
                <string>{0.00,0.00}</string>
                <key>size</key>
                <string>{285.00,160.00}</string>
                <key>sourceSize</key>
                <string>{285.00,160.00}</string>
                <key>sourceRect</key>
                <string>{{0.00,0.00},{285.00,160.00}}</string>
            </dict>
            <dict>
                <key>id</key>
                <string>121</string>
                <key>className</key>
                <string>PTModelSprite</string>
                <key>Name</key>
                <dict>
                    <key>value</key>
                    <string>DarkClouds</string>
                </dict>
                <key>pos</key>
                <string>{0.00,644.00}</string>
                <key>offset</key>
                <string>{0.00,0.00}</string>
                <key>size</key>
                <string>{2000.00,563.00}</string>
                <key>sourceSize</key>
                <string>{2000.00,563.00}</string>
                <key>sourceRect</key>
                <string>{{0.00,0.00},{2000.00,563.00}}</string>
            </dict>
            <dict>
                <key>id</key>
                <string>151</string>
                <key>className</key>
                <string>PTModelSprite</string>
                <key>Name</key>
                <dict>
                    <key>value</key>
                    <string>Character</string>
                </dict>
                <key>pos</key>
                <string>{1953.00,518.00}</string>
                <key>offset</key>
                <string>{0.00,1.00}</string>
                <key>size</key>
                <string>{63.00,62.00}</string>
                <key>sourceSize</key>
                <string>{63.00,63.00}</string>
                <key>sourceRect</key>
                <string>{{0.00,1.00},{63.00,62.00}}</string>
            </dict>
            <dict>
                <key>id</key>
                <string>342</string>
                <key>className</key>
                <string>PTModelSprite</string>
                <key>Name</key>
                <dict>
                    <key>value</key>
                    <string>Enemy</string>
                </dict>
                <key>pos</key>
                <string>{1832.00,0.00}</string>
                <key>offset</key>
                <string>{0.00,1.00}</string>
                <key>size</key>
                <string>{189.00,173.00}</string>
                <key>sourceSize</key>
                <string>{189.00,174.00}</string>
                <key>sourceRect</key>
                <string>{{0.00,1.00},{189.00,173.00}}</string>
            </dict>
            <dict>
                <key>id</key>
                <string>442</string>
                <key>className</key>
                <string>PTModelSprite</string>
                <key>Name</key>
                <dict>
                    <key>value</key>
                    <string>Platform</string>
                </dict>
                <key>pos</key>
                <string>{1140.00,0.00}</string>
                <key>offset</key>
                <string>{0.00,0.00}</string>
                <key>size</key>
                <string>{234.00,233.00}</string>
                <key>sourceSize</key>
                <string>{234.00,233.00}</string>
                <key>sourceRect</key>
                <string>{{0.00,0.00},{234.00,233.00}}</string>
            </dict>
            <dict>
                <key>id</key>
                <string>992</string>
                <key>className</key>
                <string>PTModelSprite</string>
                <key>Name</key>
                <dict>
                    <key>value</key>
                    <string>Particle</string>
                </dict>
                <key>pos</key>
                <string>{0.00,0.00}</string>
                <key>offset</key>
                <string>{0.00,0.00}</string>
                <key>size</key>
                <string>{0.00,0.00}</string>
                <key>sourceSize</key>
                <string>{83.00,83.00}</string>
                <key>sourceRect</key>
                <string>{{0.00,0.00},{0.00,0.00}}</string>
            </dict>
            <dict>
                <key>id</key>
                <string>1043</string>
                <key>className</key>
                <string>PTModelSprite</string>
                <key>Name</key>
                <dict>
                    <key>value</key>
                    <string>icon_add_locator@2x</string>
                </dict>
                <key>pos</key>
                <string>{0.00,0.00}</string>
                <key>offset</key>
                <string>{0.00,0.00}</string>
                <key>size</key>
                <string>{0.00,0.00}</string>
                <key>sourceSize</key>
                <string>{50.00,50.00}</string>
                <key>sourceRect</key>
                <string>{{0.00,0.00},{0.00,0.00}}</string>
            </dict>
            <dict>
                <key>id</key>
                <string>1051</string>
                <key>className</key>
                <string>PTModelSprite</string>
                <key>Name</key>
                <dict>
                    <key>value</key>
                    <string>Particle</string>
                </dict>
                <key>pos</key>
                <string>{0.00,0.00}</string>
                <key>offset</key>
                <string>{0.00,0.00}</string>
                <key>size</key>
                <string>{0.00,0.00}</string>
                <key>sourceSize</key>
                <string>{83.00,83.00}</string>
                <key>sourceRect</key>
                <string>{{0.00,0.00},{0.00,0.00}}</string>
            </dict>
            <dict>
                <key>id</key>
                <string>1187</string>
                <key>className</key>
                <string>PTModelSprite</string>
                <key>Name</key>
                <dict>
                    <key>value</key>
                    <string>Coins</string>
                </dict>
                <key>pos</key>
                <string>{0.00,0.00}</string>
                <key>offset</key>
                <string>{0.00,0.00}</string>
                <key>size</key>
                <string>{0.00,0.00}</string>
                <key>sourceSize</key>
                <string>{27.00,27.00}</string>
                <key>sourceRect</key>
                <string>{{0.00,0.00},{0.00,0.00}}</string>
            </dict>
            <dict>
                <key>id</key>
                <string>1622</string>
                <key>className</key>
                <string>PTModelSprite</string>
                <key>Name</key>
                <dict>
                    <key>value</key>
                    <string>PTModelSprite_ID1536</string>
                </dict>
                <key>pos</key>
                <string>{2025.00,0.00}</string>
                <key>offset</key>
                <string>{0.00,0.00}</string>
                <key>size</key>
                <string>{13.00,13.00}</string>
                <key>sourceSize</key>
                <string>{13.00,13.00}</string>
                <key>sourceRect</key>
                <string>{{0.00,0.00},{13.00,13.00}}</string>
            </dict>
            <dict>
                <key>id</key>
                <string>1812</string>
                <key>className</key>
                <string>PTModelSprite</string>
                <key>Name</key>
                <dict>
                    <key>value</key>
                    <string>Shoot</string>
                </dict>
                <key>pos</key>
                <string>{1880.00,237.00}</string>
                <key>offset</key>
                <string>{0.00,0.00}</string>
                <key>size</key>
                <string>{117.00,117.00}</string>
                <key>sourceSize</key>
                <string>{117.00,117.00}</string>
                <key>sourceRect</key>
                <string>{{0.00,0.00},{117.00,117.00}}</string>
            </dict>
            <dict>
                <key>id</key>
                <string>1819</string>
                <key>className</key>
                <string>PTModelSprite</string>
                <key>Name</key>
                <dict>
                    <key>value</key>
                    <string>Up</string>
                </dict>
                <key>pos</key>
                <string>{1601.00,518.00}</string>
                <key>offset</key>
                <string>{1.00,1.00}</string>
                <key>size</key>
                <string>{116.00,103.00}</string>
                <key>sourceSize</key>
                <string>{118.00,104.00}</string>
                <key>sourceRect</key>
                <string>{{1.00,1.00},{116.00,103.00}}</string>
            </dict>
            <dict>
                <key>id</key>
                <string>1908</string>
                <key>className</key>
                <string>PTModelSprite</string>
                <key>Name</key>
                <dict>
                    <key>value</key>
                    <string>Coins</string>
                </dict>
                <key>pos</key>
                <string>{1378.00,197.00}</string>
                <key>offset</key>
                <string>{0.00,0.00}</string>
                <key>size</key>
                <string>{25.00,25.00}</string>
                <key>sourceSize</key>
                <string>{27.00,27.00}</string>
                <key>sourceRect</key>
                <string>{{0.00,0.00},{25.00,25.00}}</string>
            </dict>
            <dict>
                <key>id</key>
                <string>2009</string>
                <key>className</key>
                <string>PTModelSprite</string>
                <key>Name</key>
                <dict>
                    <key>value</key>
                    <string>pause_button</string>
                </dict>
                <key>pos</key>
                <string>{1123.00,1328.00}</string>
                <key>offset</key>
                <string>{0.00,0.00}</string>
                <key>size</key>
                <string>{93.00,93.00}</string>
                <key>sourceSize</key>
                <string>{93.00,93.00}</string>
                <key>sourceRect</key>
                <string>{{0.00,0.00},{93.00,93.00}}</string>
            </dict>
            <dict>
                <key>id</key>
                <string>2015</string>
                <key>className</key>
                <string>PTModelSprite</string>
                <key>Name</key>
                <dict>
                    <key>value</key>
                    <string>ui_background</string>
                </dict>
                <key>pos</key>
                <string>{0.00,0.00}</string>
                <key>offset</key>
                <string>{0.00,0.00}</string>
                <key>size</key>
                <string>{1136.00,640.00}</string>
                <key>sourceSize</key>
                <string>{1136.00,640.00}</string>
                <key>sourceRect</key>
                <string>{{0.00,0.00},{1136.00,640.00}}</string>
            </dict>
            <dict>
                <key>id</key>
                <string>2018</string>
                <key>className</key>
                <string>PTModelSprite</string>
                <key>Name</key>
                <dict>
                    <key>value</key>
                    <string>start_button</string>
                </dict>
                <key>pos</key>
                <string>{1429.00,237.00}</string>
                <key>offset</key>
                <string>{0.00,0.00}</string>
                <key>size</key>
                <string>{447.00,139.00}</string>
                <key>sourceSize</key>
                <string>{447.00,139.00}</string>
                <key>sourceRect</key>
                <string>{{0.00,0.00},{447.00,139.00}}</string>
            </dict>
            <dict>
                <key>id</key>
                <string>2023</string>
                <key>className</key>
                <string>PTModelSprite</string>
                <key>Name</key>
                <dict>
                    <key>value</key>
                    <string>game_logo</string>
                </dict>
                <key>pos</key>
                <string>{1378.00,0.00}</string>
                <key>offset</key>
                <string>{0.00,0.00}</string>
                <key>size</key>
                <string>{450.00,193.00}</string>
                <key>sourceSize</key>
                <string>{450.00,193.00}</string>
                <key>sourceRect</key>
                <string>{{0.00,0.00},{450.00,193.00}}</string>
            </dict>
            <dict>
                <key>id</key>
                <string>2030</string>
                <key>className</key>
                <string>PTModelSprite</string>
                <key>Name</key>
                <dict>
                    <key>value</key>
                    <string>world_select_logo</string>
                </dict>
                <key>pos</key>
                <string>{208.00,1328.00}</string>
                <key>offset</key>
                <string>{0.00,0.00}</string>
                <key>size</key>
                <string>{911.00,97.00}</string>
                <key>sourceSize</key>
                <string>{911.00,97.00}</string>
                <key>sourceRect</key>
                <string>{{0.00,0.00},{911.00,97.00}}</string>
            </dict>
            <dict>
                <key>id</key>
                <string>2036</string>
                <key>className</key>
                <string>PTModelSprite</string>
                <key>Name</key>
                <dict>
                    <key>value</key>
                    <string>pause_logo</string>
                </dict>
                <key>pos</key>
                <string>{1601.00,401.00}</string>
                <key>offset</key>
                <string>{0.00,0.00}</string>
                <key>size</key>
                <string>{417.00,109.00}</string>
                <key>sourceSize</key>
                <string>{417.00,109.00}</string>
                <key>sourceRect</key>
                <string>{{0.00,0.00},{417.00,109.00}}</string>
            </dict>
            <dict>
                <key>id</key>
                <string>2039</string>
                <key>className</key>
                <string>PTModelSprite</string>
                <key>Name</key>
                <dict>
                    <key>value</key>
                    <string>continue_button</string>
                </dict>
                <key>pos</key>
                <string>{461.00,1211.00}</string>
                <key>offset</key>
                <string>{0.00,0.00}</string>
                <key>size</key>
                <string>{457.00,113.00}</string>
                <key>sourceSize</key>
                <string>{457.00,113.00}</string>
                <key>sourceRect</key>
                <string>{{0.00,0.00},{457.00,113.00}}</string>
            </dict>
            <dict>
                <key>id</key>
                <string>2042</string>
                <key>className</key>
                <string>PTModelSprite</string>
                <key>Name</key>
                <dict>
                    <key>value</key>
                    <string>world_select_button</string>
                </dict>
                <key>pos</key>
                <string>{0.00,1211.00}</string>
                <key>offset</key>
                <string>{0.00,0.00}</string>
                <key>size</key>
                <string>{457.00,113.00}</string>
                <key>sourceSize</key>
                <string>{457.00,113.00}</string>
                <key>sourceRect</key>
                <string>{{0.00,0.00},{457.00,113.00}}</string>
            </dict>
            <dict>
                <key>id</key>
                <string>2045</string>
                <key>className</key>
                <string>PTModelSprite</string>
                <key>Name</key>
                <dict>
                    <key>value</key>
                    <string>main_menu_button</string>
                </dict>
                <key>pos</key>
                <string>{1140.00,518.00}</string>
                <key>offset</key>
                <string>{0.00,0.00}</string>
                <key>size</key>
                <string>{457.00,113.00}</string>
                <key>sourceSize</key>
                <string>{457.00,113.00}</string>
                <key>sourceRect</key>
                <string>{{0.00,0.00},{457.00,113.00}}</string>
            </dict>
            <dict>
                <key>id</key>
                <string>2052</string>
                <key>className</key>
                <string>PTModelSprite</string>
                <key>Name</key>
                <dict>
                    <key>value</key>
                    <string>game_over_logo</string>
                </dict>
                <key>pos</key>
                <string>{922.00,1211.00}</string>
                <key>offset</key>
                <string>{0.00,0.00}</string>
                <key>size</key>
                <string>{791.00,109.00}</string>
                <key>sourceSize</key>
                <string>{791.00,109.00}</string>
                <key>sourceRect</key>
                <string>{{0.00,0.00},{791.00,109.00}}</string>
            </dict>
            <dict>
                <key>id</key>
                <string>2055</string>
                <key>className</key>
                <string>PTModelSprite</string>
                <key>Name</key>
                <dict>
                    <key>value</key>
                    <string>restart_button</string>
                </dict>
                <key>pos</key>
                <string>{1140.00,401.00}</string>
                <key>offset</key>
                <string>{0.00,0.00}</string>
                <key>size</key>
                <string>{457.00,113.00}</string>
                <key>sourceSize</key>
                <string>{457.00,113.00}</string>
                <key>sourceRect</key>
                <string>{{0.00,0.00},{457.00,113.00}}</string>
            </dict>
            <dict>
                <key>id</key>
                <string>2142</string>
                <key>className</key>
                <string>PTModelSprite</string>
                <key>Name</key>
                <dict>
                    <key>value</key>
                    <string>1</string>
                </dict>
                <key>pos</key>
                <string>{104.00,1328.00}</string>
                <key>offset</key>
                <string>{0.00,0.00}</string>
                <key>size</key>
                <string>{100.00,100.00}</string>
                <key>sourceSize</key>
                <string>{100.00,100.00}</string>
                <key>sourceRect</key>
                <string>{{0.00,0.00},{100.00,100.00}}</string>
            </dict>
            <dict>
                <key>id</key>
                <string>2145</string>
                <key>className</key>
                <string>PTModelSprite</string>
                <key>Name</key>
                <dict>
                    <key>value</key>
                    <string>2</string>
                </dict>
                <key>pos</key>
                <string>{0.00,1328.00}</string>
                <key>offset</key>
                <string>{0.00,0.00}</string>
                <key>size</key>
                <string>{100.00,100.00}</string>
                <key>sourceSize</key>
                <string>{100.00,100.00}</string>
                <key>sourceRect</key>
                <string>{{0.00,0.00},{100.00,100.00}}</string>
            </dict>
            <dict>
                <key>id</key>
                <string>2148</string>
                <key>className</key>
                <string>PTModelSprite</string>
                <key>Name</key>
                <dict>
                    <key>value</key>
                    <string>3</string>
                </dict>
                <key>pos</key>
                <string>{1925.00,1211.00}</string>
                <key>offset</key>
                <string>{0.00,0.00}</string>
                <key>size</key>
                <string>{100.00,100.00}</string>
                <key>sourceSize</key>
                <string>{100.00,100.00}</string>
                <key>sourceRect</key>
                <string>{{0.00,0.00},{100.00,100.00}}</string>
            </dict>
            <dict>
                <key>id</key>
                <string>2151</string>
                <key>className</key>
                <string>PTModelSprite</string>
                <key>Name</key>
                <dict>
                    <key>value</key>
                    <string>4</string>
                </dict>
                <key>pos</key>
                <string>{1821.00,1211.00}</string>
                <key>offset</key>
                <string>{0.00,0.00}</string>
                <key>size</key>
                <string>{100.00,100.00}</string>
                <key>sourceSize</key>
                <string>{100.00,100.00}</string>
                <key>sourceRect</key>
                <string>{{0.00,0.00},{100.00,100.00}}</string>
            </dict>
            <dict>
                <key>id</key>
                <string>2154</string>
                <key>className</key>
                <string>PTModelSprite</string>
                <key>Name</key>
                <dict>
                    <key>value</key>
                    <string>5</string>
                </dict>
                <key>pos</key>
                <string>{1717.00,1211.00}</string>
                <key>offset</key>
                <string>{0.00,0.00}</string>
                <key>size</key>
                <string>{100.00,100.00}</string>
                <key>sourceSize</key>
                <string>{100.00,100.00}</string>
                <key>sourceRect</key>
                <string>{{0.00,0.00},{100.00,100.00}}</string>
            </dict>
            <dict>
                <key>id</key>
                <string>2158</string>
                <key>className</key>
                <string>PTModelSprite</string>
                <key>Name</key>
                <dict>
                    <key>value</key>
                    <string>back_button</string>
                </dict>
                <key>pos</key>
                <string>{1721.00,518.00}</string>
                <key>offset</key>
                <string>{0.00,0.00}</string>
                <key>size</key>
                <string>{228.00,100.00}</string>
                <key>sourceSize</key>
                <string>{228.00,100.00}</string>
                <key>sourceRect</key>
                <string>{{0.00,0.00},{228.00,100.00}}</string>
            </dict>
            <dict>
                <key>id</key>
                <string>2173</string>
                <key>className</key>
                <string>PTModelSprite</string>
                <key>Name</key>
                <dict>
                    <key>value</key>
                    <string>kejutp</string>
                </dict>
                <key>pos</key>
                <string>{0.00,0.00}</string>
                <key>offset</key>
                <string>{0.00,0.00}</string>
                <key>size</key>
                <string>{0.00,0.00}</string>
                <key>sourceSize</key>
                <string>{1000.00,1000.00}</string>
                <key>sourceRect</key>
                <string>{{0.00,0.00},{0.00,0.00}}</string>
            </dict>
        </array>
    </dict>
</plist>
