<?xml version="1.0" encoding="UTF-8"?>
<!DOCTYPE plist PUBLIC "-//Apple//DTD PLIST 1.0//EN" "http://www.apple.com/DTDs/PropertyList-1.0.dtd"/>

<plist version="1.0">
    <dict>
        <key>ROOT</key>
        <array>
            <dict>
                <key>id</key>
                <string>113</string>
                <key>className</key>
                <string>PTModelAnimation</string>
                <key>Name</key>
                <dict>
                    <key>value</key>
                    <string></string>
                </dict>
                <key>duration</key>
                <string>0.033333</string>
                <key>animationSpeed</key>
                <string>1.000000</string>
                <key>looped</key>
                <string>1</string>
            </dict>
            <dict>
                <key>id</key>
                <string>130</string>
                <key>className</key>
                <string>PTModelAnimation</string>
                <key>Name</key>
                <dict>
                    <key>value</key>
                    <string></string>
                </dict>
                <key>duration</key>
                <string>0.033333</string>
                <key>animationSpeed</key>
                <string>1.000000</string>
                <key>looped</key>
                <string>1</string>
            </dict>
            <dict>
                <key>id</key>
                <string>154</string>
                <key>className</key>
                <string>PTModelAnimation</string>
                <key>Name</key>
                <dict>
                    <key>value</key>
                    <string></string>
                </dict>
                <key>duration</key>
                <string>0.033333</string>
                <key>animationSpeed</key>
                <string>1.000000</string>
                <key>looped</key>
                <string>0</string>
            </dict>
            <dict>
                <key>id</key>
                <string>345</string>
                <key>className</key>
                <string>PTModelAnimation</string>
                <key>Name</key>
                <dict>
                    <key>value</key>
                    <string></string>
                </dict>
                <key>duration</key>
                <string>0.033333</string>
                <key>animationSpeed</key>
                <string>1.000000</string>
                <key>looped</key>
                <string>1</string>
            </dict>
            <dict>
                <key>id</key>
                <string>403</string>
                <key>className</key>
                <string>PTModelAnimation</string>
                <key>Name</key>
                <dict>
                    <key>value</key>
                    <string></string>
                </dict>
                <key>duration</key>
                <string>0.033333</string>
                <key>animationSpeed</key>
                <string>1.000000</string>
                <key>looped</key>
                <string>1</string>
            </dict>
            <dict>
                <key>id</key>
                <string>812</string>
                <key>className</key>
                <string>PTModelAnimation</string>
                <key>Name</key>
                <dict>
                    <key>value</key>
                    <string></string>
                </dict>
                <key>duration</key>
                <string>0.033333</string>
                <key>animationSpeed</key>
                <string>1.000000</string>
                <key>looped</key>
                <string>1</string>
            </dict>
            <dict>
                <key>id</key>
                <string>838</string>
                <key>className</key>
                <string>PTModelAnimation</string>
                <key>Name</key>
                <dict>
                    <key>value</key>
                    <string></string>
                </dict>
                <key>duration</key>
                <string>0.033333</string>
                <key>animationSpeed</key>
                <string>1.000000</string>
                <key>looped</key>
                <string>1</string>
            </dict>
            <dict>
                <key>id</key>
                <string>849</string>
                <key>className</key>
                <string>PTModelAnimation</string>
                <key>Name</key>
                <dict>
                    <key>value</key>
                    <string></string>
                </dict>
                <key>duration</key>
                <string>0.033333</string>
                <key>animationSpeed</key>
                <string>1.000000</string>
                <key>looped</key>
                <string>1</string>
            </dict>
            <dict>
                <key>id</key>
                <string>865</string>
                <key>className</key>
                <string>PTModelAnimation</string>
                <key>Name</key>
                <dict>
                    <key>value</key>
                    <string></string>
                </dict>
                <key>duration</key>
                <string>0.033333</string>
                <key>animationSpeed</key>
                <string>1.000000</string>
                <key>looped</key>
                <string>1</string>
            </dict>
            <dict>
                <key>id</key>
                <string>979</string>
                <key>className</key>
                <string>PTModelAnimation</string>
                <key>Name</key>
                <dict>
                    <key>value</key>
                    <string></string>
                </dict>
                <key>duration</key>
                <string>3.000000</string>
                <key>animationSpeed</key>
                <string>1.000000</string>
                <key>looped</key>
                <string>0</string>
            </dict>
            <dict>
                <key>id</key>
                <string>1167</string>
                <key>className</key>
                <string>PTModelAnimation</string>
                <key>Name</key>
                <dict>
                    <key>value</key>
                    <string></string>
                </dict>
                <key>duration</key>
                <string>0.033333</string>
                <key>animationSpeed</key>
                <string>1.000000</string>
                <key>looped</key>
                <string>1</string>
            </dict>
            <dict>
                <key>id</key>
                <string>1174</string>
                <key>className</key>
                <string>PTModelAnimation</string>
                <key>Name</key>
                <dict>
                    <key>value</key>
                    <string></string>
                </dict>
                <key>duration</key>
                <string>3.000000</string>
                <key>animationSpeed</key>
                <string>1.000000</string>
                <key>looped</key>
                <string>1</string>
            </dict>
            <dict>
                <key>id</key>
                <string>1625</string>
                <key>className</key>
                <string>PTModelAnimation</string>
                <key>Name</key>
                <dict>
                    <key>value</key>
                    <string></string>
                </dict>
                <key>duration</key>
                <string>0.033333</string>
                <key>animationSpeed</key>
                <string>1.000000</string>
                <key>looped</key>
                <string>1</string>
            </dict>
            <dict>
                <key>id</key>
                <string>1633</string>
                <key>className</key>
                <string>PTModelAnimation</string>
                <key>Name</key>
                <dict>
                    <key>value</key>
                    <string></string>
                </dict>
                <key>duration</key>
                <string>0.033333</string>
                <key>animationSpeed</key>
                <string>1.000000</string>
                <key>looped</key>
                <string>1</string>
            </dict>
            <dict>
                <key>id</key>
                <string>1640</string>
                <key>className</key>
                <string>PTModelAnimation</string>
                <key>Name</key>
                <dict>
                    <key>value</key>
                    <string></string>
                </dict>
                <key>duration</key>
                <string>0.033333</string>
                <key>animationSpeed</key>
                <string>1.000000</string>
                <key>looped</key>
                <string>1</string>
            </dict>
            <dict>
                <key>id</key>
                <string>1650</string>
                <key>className</key>
                <string>PTModelAnimation</string>
                <key>Name</key>
                <dict>
                    <key>value</key>
                    <string></string>
                </dict>
                <key>duration</key>
                <string>0.033333</string>
                <key>animationSpeed</key>
                <string>1.000000</string>
                <key>looped</key>
                <string>1</string>
            </dict>
            <dict>
                <key>id</key>
                <string>1660</string>
                <key>className</key>
                <string>PTModelAnimation</string>
                <key>Name</key>
                <dict>
                    <key>value</key>
                    <string></string>
                </dict>
                <key>duration</key>
                <string>0.033333</string>
                <key>animationSpeed</key>
                <string>1.000000</string>
                <key>looped</key>
                <string>1</string>
            </dict>
            <dict>
                <key>id</key>
                <string>1670</string>
                <key>className</key>
                <string>PTModelAnimation</string>
                <key>Name</key>
                <dict>
                    <key>value</key>
                    <string></string>
                </dict>
                <key>duration</key>
                <string>0.033333</string>
                <key>animationSpeed</key>
                <string>1.000000</string>
                <key>looped</key>
                <string>1</string>
            </dict>
            <dict>
                <key>id</key>
                <string>1687</string>
                <key>className</key>
                <string>PTModelAnimation</string>
                <key>Name</key>
                <dict>
                    <key>value</key>
                    <string></string>
                </dict>
                <key>duration</key>
                <string>0.033333</string>
                <key>animationSpeed</key>
                <string>1.000000</string>
                <key>looped</key>
                <string>1</string>
            </dict>
            <dict>
                <key>id</key>
                <string>1697</string>
                <key>className</key>
                <string>PTModelAnimation</string>
                <key>Name</key>
                <dict>
                    <key>value</key>
                    <string></string>
                </dict>
                <key>duration</key>
                <string>0.033333</string>
                <key>animationSpeed</key>
                <string>1.000000</string>
                <key>looped</key>
                <string>1</string>
            </dict>
            <dict>
                <key>id</key>
                <string>1707</string>
                <key>className</key>
                <string>PTModelAnimation</string>
                <key>Name</key>
                <dict>
                    <key>value</key>
                    <string></string>
                </dict>
                <key>duration</key>
                <string>0.033333</string>
                <key>animationSpeed</key>
                <string>1.000000</string>
                <key>looped</key>
                <string>1</string>
            </dict>
            <dict>
                <key>id</key>
                <string>1725</string>
                <key>className</key>
                <string>PTModelAnimation</string>
                <key>Name</key>
                <dict>
                    <key>value</key>
                    <string></string>
                </dict>
                <key>duration</key>
                <string>0.033333</string>
                <key>animationSpeed</key>
                <string>1.000000</string>
                <key>looped</key>
                <string>1</string>
            </dict>
            <dict>
                <key>id</key>
                <string>1749</string>
                <key>className</key>
                <string>PTModelAnimation</string>
                <key>Name</key>
                <dict>
                    <key>value</key>
                    <string></string>
                </dict>
                <key>duration</key>
                <string>0.033333</string>
                <key>animationSpeed</key>
                <string>1.000000</string>
                <key>looped</key>
                <string>1</string>
            </dict>
            <dict>
                <key>id</key>
                <string>1759</string>
                <key>className</key>
                <string>PTModelAnimation</string>
                <key>Name</key>
                <dict>
                    <key>value</key>
                    <string></string>
                </dict>
                <key>duration</key>
                <string>0.033333</string>
                <key>animationSpeed</key>
                <string>1.000000</string>
                <key>looped</key>
                <string>1</string>
            </dict>
            <dict>
                <key>id</key>
                <string>1769</string>
                <key>className</key>
                <string>PTModelAnimation</string>
                <key>Name</key>
                <dict>
                    <key>value</key>
                    <string></string>
                </dict>
                <key>duration</key>
                <string>0.033333</string>
                <key>animationSpeed</key>
                <string>1.000000</string>
                <key>looped</key>
                <string>1</string>
            </dict>
            <dict>
                <key>id</key>
                <string>1780</string>
                <key>className</key>
                <string>PTModelAnimation</string>
                <key>Name</key>
                <dict>
                    <key>value</key>
                    <string></string>
                </dict>
                <key>duration</key>
                <string>0.033333</string>
                <key>animationSpeed</key>
                <string>1.000000</string>
                <key>looped</key>
                <string>1</string>
            </dict>
            <dict>
                <key>id</key>
                <string>1789</string>
                <key>className</key>
                <string>PTModelAnimation</string>
                <key>Name</key>
                <dict>
                    <key>value</key>
                    <string></string>
                </dict>
                <key>duration</key>
                <string>0.033333</string>
                <key>animationSpeed</key>
                <string>1.000000</string>
                <key>looped</key>
                <string>1</string>
            </dict>
            <dict>
                <key>id</key>
                <string>1798</string>
                <key>className</key>
                <string>PTModelAnimation</string>
                <key>Name</key>
                <dict>
                    <key>value</key>
                    <string></string>
                </dict>
                <key>duration</key>
                <string>0.033333</string>
                <key>animationSpeed</key>
                <string>1.000000</string>
                <key>looped</key>
                <string>1</string>
            </dict>
            <dict>
                <key>id</key>
                <string>1826</string>
                <key>className</key>
                <string>PTModelAnimation</string>
                <key>Name</key>
                <dict>
                    <key>value</key>
                    <string></string>
                </dict>
                <key>duration</key>
                <string>0.033333</string>
                <key>animationSpeed</key>
                <string>1.000000</string>
                <key>looped</key>
                <string>1</string>
            </dict>
            <dict>
                <key>id</key>
                <string>1844</string>
                <key>className</key>
                <string>PTModelAnimation</string>
                <key>Name</key>
                <dict>
                    <key>value</key>
                    <string></string>
                </dict>
                <key>duration</key>
                <string>0.033333</string>
                <key>animationSpeed</key>
                <string>1.000000</string>
                <key>looped</key>
                <string>1</string>
            </dict>
            <dict>
                <key>id</key>
                <string>1853</string>
                <key>className</key>
                <string>PTModelAnimation</string>
                <key>Name</key>
                <dict>
                    <key>value</key>
                    <string></string>
                </dict>
                <key>duration</key>
                <string>0.033333</string>
                <key>animationSpeed</key>
                <string>1.000000</string>
                <key>looped</key>
                <string>1</string>
            </dict>
            <dict>
                <key>id</key>
                <string>1862</string>
                <key>className</key>
                <string>PTModelAnimation</string>
                <key>Name</key>
                <dict>
                    <key>value</key>
                    <string></string>
                </dict>
                <key>duration</key>
                <string>0.033333</string>
                <key>animationSpeed</key>
                <string>1.000000</string>
                <key>looped</key>
                <string>1</string>
            </dict>
            <dict>
                <key>id</key>
                <string>1879</string>
                <key>className</key>
                <string>PTModelAnimation</string>
                <key>Name</key>
                <dict>
                    <key>value</key>
                    <string></string>
                </dict>
                <key>duration</key>
                <string>0.033333</string>
                <key>animationSpeed</key>
                <string>1.000000</string>
                <key>looped</key>
                <string>1</string>
            </dict>
            <dict>
                <key>id</key>
                <string>1888</string>
                <key>className</key>
                <string>PTModelAnimation</string>
                <key>Name</key>
                <dict>
                    <key>value</key>
                    <string></string>
                </dict>
                <key>duration</key>
                <string>0.033333</string>
                <key>animationSpeed</key>
                <string>1.000000</string>
                <key>looped</key>
                <string>1</string>
            </dict>
            <dict>
                <key>id</key>
                <string>1897</string>
                <key>className</key>
                <string>PTModelAnimation</string>
                <key>Name</key>
                <dict>
                    <key>value</key>
                    <string></string>
                </dict>
                <key>duration</key>
                <string>0.033333</string>
                <key>animationSpeed</key>
                <string>1.000000</string>
                <key>looped</key>
                <string>1</string>
            </dict>
            <dict>
                <key>id</key>
                <string>1911</string>
                <key>className</key>
                <string>PTModelAnimation</string>
                <key>Name</key>
                <dict>
                    <key>value</key>
                    <string></string>
                </dict>
                <key>duration</key>
                <string>0.033333</string>
                <key>animationSpeed</key>
                <string>1.000000</string>
                <key>looped</key>
                <string>1</string>
            </dict>
        </array>
    </dict>
</plist>
