<?xml version="1.0" encoding="UTF-8"?>
<!DOCTYPE plist PUBLIC "-//Apple//DTD PLIST 1.0//EN" "http://www.apple.com/DTDs/PropertyList-1.0.dtd"/>

<plist version="1.0">
    <dict>
        <key>ROOT</key>
        <array>
            <dict>
                <key>id</key>
                <string>1968</string>
                <key>Image</key>
                <dict>
                    <key>value</key>
                    <string>105</string>
                </dict>
            </dict>
            <dict>
                <key>id</key>
                <string>1969</string>
                <key>Image</key>
                <dict>
                    <key>value</key>
                    <string>120</string>
                </dict>
            </dict>
            <dict>
                <key>id</key>
                <string>2063</string>
                <key>Image</key>
                <dict>
                    <key>value</key>
                    <string>105</string>
                </dict>
            </dict>
            <dict>
                <key>id</key>
                <string>2064</string>
                <key>Image</key>
                <dict>
                    <key>value</key>
                    <string>120</string>
                </dict>
            </dict>
            <dict>
                <key>id</key>
                <string>2083</string>
                <key>Image</key>
                <dict>
                    <key>value</key>
                    <string>105</string>
                </dict>
            </dict>
            <dict>
                <key>id</key>
                <string>2084</string>
                <key>Image</key>
                <dict>
                    <key>value</key>
                    <string>120</string>
                </dict>
            </dict>
            <dict>
                <key>id</key>
                <string>2103</string>
                <key>Image</key>
                <dict>
                    <key>value</key>
                    <string>105</string>
                </dict>
            </dict>
            <dict>
                <key>id</key>
                <string>2104</string>
                <key>Image</key>
                <dict>
                    <key>value</key>
                    <string>120</string>
                </dict>
            </dict>
            <dict>
                <key>id</key>
                <string>2123</string>
                <key>Image</key>
                <dict>
                    <key>value</key>
                    <string>105</string>
                </dict>
            </dict>
            <dict>
                <key>id</key>
                <string>2124</string>
                <key>Image</key>
                <dict>
                    <key>value</key>
                    <string>120</string>
                </dict>
            </dict>
        </array>
    </dict>
</plist>
