<?xml version="1.0" encoding="UTF-8"?>
<!DOCTYPE plist PUBLIC "-//Apple//DTD PLIST 1.0//EN" "http://www.apple.com/DTDs/PropertyList-1.0.dtd"/>

<plist version="1.0">
    <dict>
        <key>ROOT</key>
        <array>
            <dict>
                <key>id</key>
                <string>105</string>
                <key>className</key>
                <string>PTModelSpriteContainer</string>
                <key>Name</key>
                <dict>
                    <key>value</key>
                    <string>Background</string>
                </dict>
                <key>duration</key>
                <string>0.033333</string>
                <key>animationSpeed</key>
                <string>1.000000</string>
            </dict>
            <dict>
                <key>id</key>
                <string>120</string>
                <key>className</key>
                <string>PTModelSpriteContainer</string>
                <key>Name</key>
                <dict>
                    <key>value</key>
                    <string>DarkClouds</string>
                </dict>
                <key>duration</key>
                <string>0.033333</string>
                <key>animationSpeed</key>
                <string>1.000000</string>
            </dict>
            <dict>
                <key>id</key>
                <string>150</string>
                <key>className</key>
                <string>PTModelSpriteContainer</string>
                <key>Name</key>
                <dict>
                    <key>value</key>
                    <string>Character</string>
                </dict>
                <key>duration</key>
                <string>0.033333</string>
                <key>animationSpeed</key>
                <string>1.000000</string>
            </dict>
            <dict>
                <key>id</key>
                <string>341</string>
                <key>className</key>
                <string>PTModelSpriteContainer</string>
                <key>Name</key>
                <dict>
                    <key>value</key>
                    <string>Enemy</string>
                </dict>
                <key>duration</key>
                <string>0.033333</string>
                <key>animationSpeed</key>
                <string>1.000000</string>
            </dict>
            <dict>
                <key>id</key>
                <string>441</string>
                <key>className</key>
                <string>PTModelSpriteContainer</string>
                <key>Name</key>
                <dict>
                    <key>value</key>
                    <string>Platform</string>
                </dict>
                <key>duration</key>
                <string>0.033333</string>
                <key>animationSpeed</key>
                <string>1.000000</string>
            </dict>
            <dict>
                <key>id</key>
                <string>991</string>
                <key>className</key>
                <string>PTModelSpriteContainer</string>
                <key>Name</key>
                <dict>
                    <key>value</key>
                    <string>Particle</string>
                </dict>
                <key>duration</key>
                <string>0.033333</string>
                <key>animationSpeed</key>
                <string>1.000000</string>
            </dict>
            <dict>
                <key>id</key>
                <string>1042</string>
                <key>className</key>
                <string>PTModelSpriteContainer</string>
                <key>Name</key>
                <dict>
                    <key>value</key>
                    <string>icon_add_locator@2x</string>
                </dict>
                <key>duration</key>
                <string>0.033333</string>
                <key>animationSpeed</key>
                <string>1.000000</string>
            </dict>
            <dict>
                <key>id</key>
                <string>1050</string>
                <key>className</key>
                <string>PTModelSpriteContainer</string>
                <key>Name</key>
                <dict>
                    <key>value</key>
                    <string>Particle</string>
                </dict>
                <key>duration</key>
                <string>0.033333</string>
                <key>animationSpeed</key>
                <string>1.000000</string>
            </dict>
            <dict>
                <key>id</key>
                <string>1186</string>
                <key>className</key>
                <string>PTModelSpriteContainer</string>
                <key>Name</key>
                <dict>
                    <key>value</key>
                    <string>Coins</string>
                </dict>
                <key>duration</key>
                <string>0.033333</string>
                <key>animationSpeed</key>
                <string>1.000000</string>
            </dict>
            <dict>
                <key>id</key>
                <string>1621</string>
                <key>className</key>
                <string>PTModelSpriteContainer</string>
                <key>Name</key>
                <dict>
                    <key>value</key>
                    <string>PTModelSprite_ID1536</string>
                </dict>
                <key>duration</key>
                <string>0.033333</string>
                <key>animationSpeed</key>
                <string>1.000000</string>
            </dict>
            <dict>
                <key>id</key>
                <string>1811</string>
                <key>className</key>
                <string>PTModelSpriteContainer</string>
                <key>Name</key>
                <dict>
                    <key>value</key>
                    <string>Shoot</string>
                </dict>
                <key>duration</key>
                <string>0.033333</string>
                <key>animationSpeed</key>
                <string>1.000000</string>
            </dict>
            <dict>
                <key>id</key>
                <string>1818</string>
                <key>className</key>
                <string>PTModelSpriteContainer</string>
                <key>Name</key>
                <dict>
                    <key>value</key>
                    <string>Up</string>
                </dict>
                <key>duration</key>
                <string>0.033333</string>
                <key>animationSpeed</key>
                <string>1.000000</string>
            </dict>
            <dict>
                <key>id</key>
                <string>1907</string>
                <key>className</key>
                <string>PTModelSpriteContainer</string>
                <key>Name</key>
                <dict>
                    <key>value</key>
                    <string>Coins</string>
                </dict>
                <key>duration</key>
                <string>0.033333</string>
                <key>animationSpeed</key>
                <string>1.000000</string>
            </dict>
            <dict>
                <key>id</key>
                <string>2008</string>
                <key>className</key>
                <string>PTModelSpriteContainer</string>
                <key>Name</key>
                <dict>
                    <key>value</key>
                    <string>Pause</string>
                </dict>
                <key>duration</key>
                <string>0.033333</string>
                <key>animationSpeed</key>
                <string>1.000000</string>
            </dict>
            <dict>
                <key>id</key>
                <string>2014</string>
                <key>className</key>
                <string>PTModelSpriteContainer</string>
                <key>Name</key>
                <dict>
                    <key>value</key>
                    <string>UI Background</string>
                </dict>
                <key>duration</key>
                <string>0.033333</string>
                <key>animationSpeed</key>
                <string>1.000000</string>
            </dict>
            <dict>
                <key>id</key>
                <string>2017</string>
                <key>className</key>
                <string>PTModelSpriteContainer</string>
                <key>Name</key>
                <dict>
                    <key>value</key>
                    <string>Start Button</string>
                </dict>
                <key>duration</key>
                <string>0.033333</string>
                <key>animationSpeed</key>
                <string>1.000000</string>
            </dict>
            <dict>
                <key>id</key>
                <string>2022</string>
                <key>className</key>
                <string>PTModelSpriteContainer</string>
                <key>Name</key>
                <dict>
                    <key>value</key>
                    <string>Game Logo</string>
                </dict>
                <key>duration</key>
                <string>0.033333</string>
                <key>animationSpeed</key>
                <string>1.000000</string>
            </dict>
            <dict>
                <key>id</key>
                <string>2029</string>
                <key>className</key>
                <string>PTModelSpriteContainer</string>
                <key>Name</key>
                <dict>
                    <key>value</key>
                    <string>World Select Logo</string>
                </dict>
                <key>duration</key>
                <string>0.033333</string>
                <key>animationSpeed</key>
                <string>1.000000</string>
            </dict>
            <dict>
                <key>id</key>
                <string>2035</string>
                <key>className</key>
                <string>PTModelSpriteContainer</string>
                <key>Name</key>
                <dict>
                    <key>value</key>
                    <string>Pause Logo</string>
                </dict>
                <key>duration</key>
                <string>0.033333</string>
                <key>animationSpeed</key>
                <string>1.000000</string>
            </dict>
            <dict>
                <key>id</key>
                <string>2038</string>
                <key>className</key>
                <string>PTModelSpriteContainer</string>
                <key>Name</key>
                <dict>
                    <key>value</key>
                    <string>Continue Button</string>
                </dict>
                <key>duration</key>
                <string>0.033333</string>
                <key>animationSpeed</key>
                <string>1.000000</string>
            </dict>
            <dict>
                <key>id</key>
                <string>2041</string>
                <key>className</key>
                <string>PTModelSpriteContainer</string>
                <key>Name</key>
                <dict>
                    <key>value</key>
                    <string>World Select Button</string>
                </dict>
                <key>duration</key>
                <string>0.033333</string>
                <key>animationSpeed</key>
                <string>1.000000</string>
            </dict>
            <dict>
                <key>id</key>
                <string>2044</string>
                <key>className</key>
                <string>PTModelSpriteContainer</string>
                <key>Name</key>
                <dict>
                    <key>value</key>
                    <string>Main Menu Button</string>
                </dict>
                <key>duration</key>
                <string>0.033333</string>
                <key>animationSpeed</key>
                <string>1.000000</string>
            </dict>
            <dict>
                <key>id</key>
                <string>2051</string>
                <key>className</key>
                <string>PTModelSpriteContainer</string>
                <key>Name</key>
                <dict>
                    <key>value</key>
                    <string>Game Over Logo</string>
                </dict>
                <key>duration</key>
                <string>0.033333</string>
                <key>animationSpeed</key>
                <string>1.000000</string>
            </dict>
            <dict>
                <key>id</key>
                <string>2054</string>
                <key>className</key>
                <string>PTModelSpriteContainer</string>
                <key>Name</key>
                <dict>
                    <key>value</key>
                    <string>Restart Button</string>
                </dict>
                <key>duration</key>
                <string>0.033333</string>
                <key>animationSpeed</key>
                <string>1.000000</string>
            </dict>
            <dict>
                <key>id</key>
                <string>2141</string>
                <key>className</key>
                <string>PTModelSpriteContainer</string>
                <key>Name</key>
                <dict>
                    <key>value</key>
                    <string>World 1 Button</string>
                </dict>
                <key>duration</key>
                <string>0.033333</string>
                <key>animationSpeed</key>
                <string>1.000000</string>
            </dict>
            <dict>
                <key>id</key>
                <string>2144</string>
                <key>className</key>
                <string>PTModelSpriteContainer</string>
                <key>Name</key>
                <dict>
                    <key>value</key>
                    <string>World 2 Button</string>
                </dict>
                <key>duration</key>
                <string>0.033333</string>
                <key>animationSpeed</key>
                <string>1.000000</string>
            </dict>
            <dict>
                <key>id</key>
                <string>2147</string>
                <key>className</key>
                <string>PTModelSpriteContainer</string>
                <key>Name</key>
                <dict>
                    <key>value</key>
                    <string>World 3 Button</string>
                </dict>
                <key>duration</key>
                <string>0.033333</string>
                <key>animationSpeed</key>
                <string>1.000000</string>
            </dict>
            <dict>
                <key>id</key>
                <string>2150</string>
                <key>className</key>
                <string>PTModelSpriteContainer</string>
                <key>Name</key>
                <dict>
                    <key>value</key>
                    <string>World 4 Button</string>
                </dict>
                <key>duration</key>
                <string>0.033333</string>
                <key>animationSpeed</key>
                <string>1.000000</string>
            </dict>
            <dict>
                <key>id</key>
                <string>2153</string>
                <key>className</key>
                <string>PTModelSpriteContainer</string>
                <key>Name</key>
                <dict>
                    <key>value</key>
                    <string>World 5 Button</string>
                </dict>
                <key>duration</key>
                <string>0.033333</string>
                <key>animationSpeed</key>
                <string>1.000000</string>
            </dict>
            <dict>
                <key>id</key>
                <string>2157</string>
                <key>className</key>
                <string>PTModelSpriteContainer</string>
                <key>Name</key>
                <dict>
                    <key>value</key>
                    <string>Back Button</string>
                </dict>
                <key>duration</key>
                <string>0.033333</string>
                <key>animationSpeed</key>
                <string>1.000000</string>
            </dict>
            <dict>
                <key>id</key>
                <string>2172</string>
                <key>className</key>
                <string>PTModelSpriteContainer</string>
                <key>Name</key>
                <dict>
                    <key>value</key>
                    <string>kejutp</string>
                </dict>
                <key>duration</key>
                <string>0.033333</string>
                <key>animationSpeed</key>
                <string>1.000000</string>
            </dict>
        </array>
    </dict>
</plist>
