<?xml version="1.0" encoding="UTF-8"?>
<!DOCTYPE plist PUBLIC "-//Apple//DTD PLIST 1.0//EN" "http://www.apple.com/DTDs/PropertyList-1.0.dtd"/>

<plist version="1.0">
    <dict>
        <key>ROOT</key>
        <array>
            <dict>
                <key>id</key>
                <string>113</string>
                <key>children</key>
                <array>
                    <string>1987</string>
                </array>
            </dict>
            <dict>
                <key>id</key>
                <string>130</string>
                <key>children</key>
                <array>
                    <string>447</string>
                </array>
            </dict>
            <dict>
                <key>id</key>
                <string>154</string>
                <key>children</key>
                <array>
                    <string>155</string>
                </array>
            </dict>
            <dict>
                <key>id</key>
                <string>345</string>
                <key>children</key>
                <array>
                    <string>346</string>
                </array>
            </dict>
            <dict>
                <key>id</key>
                <string>403</string>
                <key>children</key>
                <array/>
            </dict>
            <dict>
                <key>id</key>
                <string>812</string>
                <key>children</key>
                <array/>
            </dict>
            <dict>
                <key>id</key>
                <string>838</string>
                <key>children</key>
                <array/>
            </dict>
            <dict>
                <key>id</key>
                <string>849</string>
                <key>children</key>
                <array/>
            </dict>
            <dict>
                <key>id</key>
                <string>865</string>
                <key>children</key>
                <array/>
            </dict>
            <dict>
                <key>id</key>
                <string>979</string>
                <key>children</key>
                <array>
                    <string>984</string>
                </array>
            </dict>
            <dict>
                <key>id</key>
                <string>1167</string>
                <key>children</key>
                <array/>
            </dict>
            <dict>
                <key>id</key>
                <string>1174</string>
                <key>children</key>
                <array/>
            </dict>
            <dict>
                <key>id</key>
                <string>1625</string>
                <key>children</key>
                <array/>
            </dict>
            <dict>
                <key>id</key>
                <string>1633</string>
                <key>children</key>
                <array>
                    <string>1990</string>
                </array>
            </dict>
            <dict>
                <key>id</key>
                <string>1640</string>
                <key>children</key>
                <array>
                    <string>1641</string>
                </array>
            </dict>
            <dict>
                <key>id</key>
                <string>1650</string>
                <key>children</key>
                <array>
                    <string>1651</string>
                </array>
            </dict>
            <dict>
                <key>id</key>
                <string>1660</string>
                <key>children</key>
                <array>
                    <string>1661</string>
                </array>
            </dict>
            <dict>
                <key>id</key>
                <string>1670</string>
                <key>children</key>
                <array>
                    <string>1671</string>
                </array>
            </dict>
            <dict>
                <key>id</key>
                <string>1687</string>
                <key>children</key>
                <array>
                    <string>1688</string>
                </array>
            </dict>
            <dict>
                <key>id</key>
                <string>1697</string>
                <key>children</key>
                <array>
                    <string>1698</string>
                </array>
            </dict>
            <dict>
                <key>id</key>
                <string>1707</string>
                <key>children</key>
                <array>
                    <string>1708</string>
                </array>
            </dict>
            <dict>
                <key>id</key>
                <string>1725</string>
                <key>children</key>
                <array>
                    <string>1726</string>
                </array>
            </dict>
            <dict>
                <key>id</key>
                <string>1749</string>
                <key>children</key>
                <array>
                    <string>1750</string>
                </array>
            </dict>
            <dict>
                <key>id</key>
                <string>1759</string>
                <key>children</key>
                <array>
                    <string>1760</string>
                </array>
            </dict>
            <dict>
                <key>id</key>
                <string>1769</string>
                <key>children</key>
                <array>
                    <string>1770</string>
                </array>
            </dict>
            <dict>
                <key>id</key>
                <string>1780</string>
                <key>children</key>
                <array>
                    <string>1781</string>
                </array>
            </dict>
            <dict>
                <key>id</key>
                <string>1789</string>
                <key>children</key>
                <array>
                    <string>1790</string>
                </array>
            </dict>
            <dict>
                <key>id</key>
                <string>1798</string>
                <key>children</key>
                <array>
                    <string>1799</string>
                </array>
            </dict>
            <dict>
                <key>id</key>
                <string>1826</string>
                <key>children</key>
                <array>
                    <string>1827</string>
                </array>
            </dict>
            <dict>
                <key>id</key>
                <string>1844</string>
                <key>children</key>
                <array>
                    <string>1845</string>
                </array>
            </dict>
            <dict>
                <key>id</key>
                <string>1853</string>
                <key>children</key>
                <array>
                    <string>1854</string>
                </array>
            </dict>
            <dict>
                <key>id</key>
                <string>1862</string>
                <key>children</key>
                <array>
                    <string>1863</string>
                </array>
            </dict>
            <dict>
                <key>id</key>
                <string>1879</string>
                <key>children</key>
                <array>
                    <string>1880</string>
                </array>
            </dict>
            <dict>
                <key>id</key>
                <string>1888</string>
                <key>children</key>
                <array>
                    <string>1889</string>
                </array>
            </dict>
            <dict>
                <key>id</key>
                <string>1897</string>
                <key>children</key>
                <array>
                    <string>1898</string>
                </array>
            </dict>
            <dict>
                <key>id</key>
                <string>1911</string>
                <key>children</key>
                <array>
                    <string>1912</string>
                </array>
            </dict>
        </array>
    </dict>
</plist>
