<?xml version="1.0" encoding="UTF-8"?>
<!DOCTYPE plist PUBLIC "-//Apple//DTD PLIST 1.0//EN" "http://www.apple.com/DTDs/PropertyList-1.0.dtd"/>

<plist version="1.0">
    <dict>
        <key>ROOT</key>
        <array>
            <dict>
                <key>id</key>
                <string>1394</string>
                <key>children</key>
                <array>
                    <string>1968</string>
                    <string>1969</string>
                </array>
            </dict>
            <dict>
                <key>id</key>
                <string>2062</string>
                <key>children</key>
                <array>
                    <string>2063</string>
                    <string>2064</string>
                </array>
            </dict>
            <dict>
                <key>id</key>
                <string>2082</string>
                <key>children</key>
                <array>
                    <string>2083</string>
                    <string>2084</string>
                </array>
            </dict>
            <dict>
                <key>id</key>
                <string>2102</string>
                <key>children</key>
                <array>
                    <string>2103</string>
                    <string>2104</string>
                </array>
            </dict>
            <dict>
                <key>id</key>
                <string>2122</string>
                <key>children</key>
                <array>
                    <string>2123</string>
                    <string>2124</string>
                </array>
            </dict>
        </array>
    </dict>
</plist>
