<?xml version="1.0" encoding="UTF-8"?>
<!DOCTYPE plist PUBLIC "-//Apple//DTD PLIST 1.0//EN" "http://www.apple.com/DTDs/PropertyList-1.0.dtd"/>

<plist version="1.0">
    <dict>
        <key>ROOT</key>
        <array>
            <dict>
                <key>id</key>
                <string>128</string>
                <key>Idle Animation</key>
                <dict>
                    <key>value</key>
                    <string>130</string>
                </dict>
            </dict>
            <dict>
                <key>id</key>
                <string>343</string>
                <key>Idle Animation</key>
                <dict>
                    <key>value</key>
                    <string>345</string>
                </dict>
                <key>components</key>
                <array>
                    <string>1472</string>
                </array>
            </dict>
        </array>
    </dict>
</plist>
