<?xml version="1.0" encoding="UTF-8"?>
<!DOCTYPE plist PUBLIC "-//Apple//DTD PLIST 1.0//EN" "http://www.apple.com/DTDs/PropertyList-1.0.dtd"/>

<plist version="1.0">
    <dict>
        <key>ROOT</key>
        <array>
            <dict>
                <key>id</key>
                <string>143</string>
                <key>Asset</key>
                <dict>
                    <key>value</key>
                    <string>128</string>
                </dict>
            </dict>
            <dict>
                <key>id</key>
                <string>171</string>
                <key>Asset</key>
                <dict>
                    <key>value</key>
                    <string>128</string>
                </dict>
            </dict>
            <dict>
                <key>id</key>
                <string>175</string>
                <key>Asset</key>
                <dict>
                    <key>value</key>
                    <string>128</string>
                </dict>
            </dict>
            <dict>
                <key>id</key>
                <string>177</string>
                <key>Asset</key>
                <dict>
                    <key>value</key>
                    <string>128</string>
                </dict>
                <key>components</key>
                <array>
                    <string>962</string>
                </array>
            </dict>
            <dict>
                <key>id</key>
                <string>351</string>
                <key>Asset</key>
                <dict>
                    <key>value</key>
                    <string>343</string>
                </dict>
            </dict>
            <dict>
                <key>id</key>
                <string>353</string>
                <key>Asset</key>
                <dict>
                    <key>value</key>
                    <string>343</string>
                </dict>
            </dict>
            <dict>
                <key>id</key>
                <string>355</string>
                <key>Asset</key>
                <dict>
                    <key>value</key>
                    <string>343</string>
                </dict>
            </dict>
            <dict>
                <key>id</key>
                <string>359</string>
                <key>Asset</key>
                <dict>
                    <key>value</key>
                    <string>343</string>
                </dict>
            </dict>
            <dict>
                <key>id</key>
                <string>369</string>
                <key>Asset</key>
                <dict>
                    <key>value</key>
                    <string>343</string>
                </dict>
            </dict>
            <dict>
                <key>id</key>
                <string>371</string>
                <key>Asset</key>
                <dict>
                    <key>value</key>
                    <string>343</string>
                </dict>
            </dict>
            <dict>
                <key>id</key>
                <string>373</string>
                <key>Asset</key>
                <dict>
                    <key>value</key>
                    <string>343</string>
                </dict>
            </dict>
            <dict>
                <key>id</key>
                <string>375</string>
                <key>Asset</key>
                <dict>
                    <key>value</key>
                    <string>343</string>
                </dict>
            </dict>
            <dict>
                <key>id</key>
                <string>377</string>
                <key>Asset</key>
                <dict>
                    <key>value</key>
                    <string>343</string>
                </dict>
            </dict>
            <dict>
                <key>id</key>
                <string>379</string>
                <key>Asset</key>
                <dict>
                    <key>value</key>
                    <string>343</string>
                </dict>
            </dict>
            <dict>
                <key>id</key>
                <string>381</string>
                <key>Asset</key>
                <dict>
                    <key>value</key>
                    <string>343</string>
                </dict>
            </dict>
            <dict>
                <key>id</key>
                <string>383</string>
                <key>Asset</key>
                <dict>
                    <key>value</key>
                    <string>343</string>
                </dict>
            </dict>
            <dict>
                <key>id</key>
                <string>385</string>
                <key>Asset</key>
                <dict>
                    <key>value</key>
                    <string>343</string>
                </dict>
            </dict>
            <dict>
                <key>id</key>
                <string>387</string>
                <key>Asset</key>
                <dict>
                    <key>value</key>
                    <string>343</string>
                </dict>
            </dict>
            <dict>
                <key>id</key>
                <string>389</string>
                <key>Asset</key>
                <dict>
                    <key>value</key>
                    <string>343</string>
                </dict>
            </dict>
            <dict>
                <key>id</key>
                <string>453</string>
                <key>Asset</key>
                <dict>
                    <key>value</key>
                    <string>128</string>
                </dict>
            </dict>
            <dict>
                <key>id</key>
                <string>467</string>
                <key>Asset</key>
                <dict>
                    <key>value</key>
                    <string>128</string>
                </dict>
                <key>components</key>
                <array>
                    <string>963</string>
                </array>
            </dict>
            <dict>
                <key>id</key>
                <string>471</string>
                <key>Asset</key>
                <dict>
                    <key>value</key>
                    <string>128</string>
                </dict>
            </dict>
            <dict>
                <key>id</key>
                <string>571</string>
                <key>Asset</key>
                <dict>
                    <key>value</key>
                    <string>128</string>
                </dict>
            </dict>
            <dict>
                <key>id</key>
                <string>577</string>
                <key>Asset</key>
                <dict>
                    <key>value</key>
                    <string>128</string>
                </dict>
            </dict>
            <dict>
                <key>id</key>
                <string>675</string>
                <key>Asset</key>
                <dict>
                    <key>value</key>
                    <string>128</string>
                </dict>
            </dict>
            <dict>
                <key>id</key>
                <string>773</string>
                <key>Asset</key>
                <dict>
                    <key>value</key>
                    <string>128</string>
                </dict>
            </dict>
            <dict>
                <key>id</key>
                <string>775</string>
                <key>Asset</key>
                <dict>
                    <key>value</key>
                    <string>128</string>
                </dict>
            </dict>
            <dict>
                <key>id</key>
                <string>777</string>
                <key>Asset</key>
                <dict>
                    <key>value</key>
                    <string>128</string>
                </dict>
            </dict>
            <dict>
                <key>id</key>
                <string>779</string>
                <key>Asset</key>
                <dict>
                    <key>value</key>
                    <string>128</string>
                </dict>
            </dict>
            <dict>
                <key>id</key>
                <string>781</string>
                <key>Asset</key>
                <dict>
                    <key>value</key>
                    <string>128</string>
                </dict>
            </dict>
            <dict>
                <key>id</key>
                <string>858</string>
                <key>Asset</key>
                <dict>
                    <key>value</key>
                    <string>128</string>
                </dict>
            </dict>
            <dict>
                <key>id</key>
                <string>881</string>
                <key>Asset</key>
                <dict>
                    <key>value</key>
                    <string>128</string>
                </dict>
            </dict>
            <dict>
                <key>id</key>
                <string>1021</string>
                <key>Asset</key>
                <dict>
                    <key>value</key>
                    <string>128</string>
                </dict>
            </dict>
            <dict>
                <key>id</key>
                <string>1031</string>
                <key>Asset</key>
                <dict>
                    <key>value</key>
                    <string>128</string>
                </dict>
            </dict>
            <dict>
                <key>id</key>
                <string>1033</string>
                <key>Asset</key>
                <dict>
                    <key>value</key>
                    <string>128</string>
                </dict>
            </dict>
            <dict>
                <key>id</key>
                <string>1059</string>
                <key>Asset</key>
                <dict>
                    <key>value</key>
                    <string>128</string>
                </dict>
            </dict>
            <dict>
                <key>id</key>
                <string>1061</string>
                <key>Asset</key>
                <dict>
                    <key>value</key>
                    <string>128</string>
                </dict>
            </dict>
            <dict>
                <key>id</key>
                <string>1066</string>
                <key>Asset</key>
                <dict>
                    <key>value</key>
                    <string>128</string>
                </dict>
            </dict>
            <dict>
                <key>id</key>
                <string>1069</string>
                <key>Asset</key>
                <dict>
                    <key>value</key>
                    <string>128</string>
                </dict>
            </dict>
            <dict>
                <key>id</key>
                <string>1071</string>
                <key>Asset</key>
                <dict>
                    <key>value</key>
                    <string>128</string>
                </dict>
            </dict>
            <dict>
                <key>id</key>
                <string>1073</string>
                <key>Asset</key>
                <dict>
                    <key>value</key>
                    <string>128</string>
                </dict>
            </dict>
            <dict>
                <key>id</key>
                <string>1075</string>
                <key>Asset</key>
                <dict>
                    <key>value</key>
                    <string>128</string>
                </dict>
            </dict>
            <dict>
                <key>id</key>
                <string>1077</string>
                <key>Asset</key>
                <dict>
                    <key>value</key>
                    <string>128</string>
                </dict>
            </dict>
            <dict>
                <key>id</key>
                <string>1079</string>
                <key>Asset</key>
                <dict>
                    <key>value</key>
                    <string>128</string>
                </dict>
            </dict>
            <dict>
                <key>id</key>
                <string>1081</string>
                <key>Asset</key>
                <dict>
                    <key>value</key>
                    <string>128</string>
                </dict>
            </dict>
            <dict>
                <key>id</key>
                <string>1083</string>
                <key>Asset</key>
                <dict>
                    <key>value</key>
                    <string>128</string>
                </dict>
            </dict>
            <dict>
                <key>id</key>
                <string>1085</string>
                <key>Asset</key>
                <dict>
                    <key>value</key>
                    <string>128</string>
                </dict>
            </dict>
            <dict>
                <key>id</key>
                <string>1087</string>
                <key>Asset</key>
                <dict>
                    <key>value</key>
                    <string>128</string>
                </dict>
            </dict>
            <dict>
                <key>id</key>
                <string>1089</string>
                <key>Asset</key>
                <dict>
                    <key>value</key>
                    <string>128</string>
                </dict>
            </dict>
            <dict>
                <key>id</key>
                <string>1091</string>
                <key>Asset</key>
                <dict>
                    <key>value</key>
                    <string>128</string>
                </dict>
            </dict>
            <dict>
                <key>id</key>
                <string>1093</string>
                <key>Asset</key>
                <dict>
                    <key>value</key>
                    <string>128</string>
                </dict>
            </dict>
            <dict>
                <key>id</key>
                <string>1095</string>
                <key>Asset</key>
                <dict>
                    <key>value</key>
                    <string>128</string>
                </dict>
            </dict>
            <dict>
                <key>id</key>
                <string>1097</string>
                <key>Asset</key>
                <dict>
                    <key>value</key>
                    <string>128</string>
                </dict>
            </dict>
            <dict>
                <key>id</key>
                <string>1101</string>
                <key>Asset</key>
                <dict>
                    <key>value</key>
                    <string>128</string>
                </dict>
            </dict>
            <dict>
                <key>id</key>
                <string>1103</string>
                <key>Asset</key>
                <dict>
                    <key>value</key>
                    <string>128</string>
                </dict>
            </dict>
            <dict>
                <key>id</key>
                <string>1105</string>
                <key>Asset</key>
                <dict>
                    <key>value</key>
                    <string>128</string>
                </dict>
            </dict>
            <dict>
                <key>id</key>
                <string>1107</string>
                <key>Asset</key>
                <dict>
                    <key>value</key>
                    <string>128</string>
                </dict>
            </dict>
            <dict>
                <key>id</key>
                <string>1109</string>
                <key>Asset</key>
                <dict>
                    <key>value</key>
                    <string>128</string>
                </dict>
            </dict>
            <dict>
                <key>id</key>
                <string>1115</string>
                <key>Asset</key>
                <dict>
                    <key>value</key>
                    <string>128</string>
                </dict>
            </dict>
            <dict>
                <key>id</key>
                <string>1117</string>
                <key>Asset</key>
                <dict>
                    <key>value</key>
                    <string>128</string>
                </dict>
            </dict>
            <dict>
                <key>id</key>
                <string>1119</string>
                <key>Asset</key>
                <dict>
                    <key>value</key>
                    <string>128</string>
                </dict>
            </dict>
            <dict>
                <key>id</key>
                <string>1121</string>
                <key>Asset</key>
                <dict>
                    <key>value</key>
                    <string>128</string>
                </dict>
            </dict>
            <dict>
                <key>id</key>
                <string>1123</string>
                <key>Asset</key>
                <dict>
                    <key>value</key>
                    <string>128</string>
                </dict>
            </dict>
            <dict>
                <key>id</key>
                <string>1125</string>
                <key>Asset</key>
                <dict>
                    <key>value</key>
                    <string>128</string>
                </dict>
            </dict>
            <dict>
                <key>id</key>
                <string>1135</string>
                <key>Asset</key>
                <dict>
                    <key>value</key>
                    <string>128</string>
                </dict>
            </dict>
            <dict>
                <key>id</key>
                <string>1137</string>
                <key>Asset</key>
                <dict>
                    <key>value</key>
                    <string>128</string>
                </dict>
            </dict>
            <dict>
                <key>id</key>
                <string>1139</string>
                <key>Asset</key>
                <dict>
                    <key>value</key>
                    <string>128</string>
                </dict>
            </dict>
            <dict>
                <key>id</key>
                <string>1141</string>
                <key>Asset</key>
                <dict>
                    <key>value</key>
                    <string>128</string>
                </dict>
            </dict>
            <dict>
                <key>id</key>
                <string>1143</string>
                <key>Asset</key>
                <dict>
                    <key>value</key>
                    <string>128</string>
                </dict>
            </dict>
            <dict>
                <key>id</key>
                <string>1145</string>
                <key>Asset</key>
                <dict>
                    <key>value</key>
                    <string>128</string>
                </dict>
            </dict>
            <dict>
                <key>id</key>
                <string>1147</string>
                <key>Asset</key>
                <dict>
                    <key>value</key>
                    <string>128</string>
                </dict>
            </dict>
            <dict>
                <key>id</key>
                <string>1149</string>
                <key>Asset</key>
                <dict>
                    <key>value</key>
                    <string>128</string>
                </dict>
            </dict>
            <dict>
                <key>id</key>
                <string>1256</string>
                <key>Asset</key>
                <dict>
                    <key>value</key>
                    <string>128</string>
                </dict>
            </dict>
            <dict>
                <key>id</key>
                <string>1371</string>
                <key>Asset</key>
                <dict>
                    <key>value</key>
                    <string>128</string>
                </dict>
            </dict>
            <dict>
                <key>id</key>
                <string>1374</string>
                <key>Asset</key>
                <dict>
                    <key>value</key>
                    <string>343</string>
                </dict>
            </dict>
            <dict>
                <key>id</key>
                <string>1400</string>
                <key>Asset</key>
                <dict>
                    <key>value</key>
                    <string>128</string>
                </dict>
            </dict>
            <dict>
                <key>id</key>
                <string>1409</string>
                <key>Asset</key>
                <dict>
                    <key>value</key>
                    <string>128</string>
                </dict>
            </dict>
            <dict>
                <key>id</key>
                <string>1584</string>
                <key>Asset</key>
                <dict>
                    <key>value</key>
                    <string>128</string>
                </dict>
            </dict>
            <dict>
                <key>id</key>
                <string>1588</string>
                <key>Asset</key>
                <dict>
                    <key>value</key>
                    <string>343</string>
                </dict>
            </dict>
            <dict>
                <key>id</key>
                <string>1835</string>
                <key>Asset</key>
                <dict>
                    <key>value</key>
                    <string>343</string>
                </dict>
            </dict>
            <dict>
                <key>id</key>
                <string>1837</string>
                <key>Asset</key>
                <dict>
                    <key>value</key>
                    <string>343</string>
                </dict>
            </dict>
            <dict>
                <key>id</key>
                <string>2001</string>
                <key>Asset</key>
                <dict>
                    <key>value</key>
                    <string>128</string>
                </dict>
            </dict>
            <dict>
                <key>id</key>
                <string>2067</string>
                <key>Asset</key>
                <dict>
                    <key>value</key>
                    <string>128</string>
                </dict>
            </dict>
            <dict>
                <key>id</key>
                <string>2071</string>
                <key>Asset</key>
                <dict>
                    <key>value</key>
                    <string>128</string>
                </dict>
            </dict>
            <dict>
                <key>id</key>
                <string>2072</string>
                <key>Asset</key>
                <dict>
                    <key>value</key>
                    <string>128</string>
                </dict>
            </dict>
            <dict>
                <key>id</key>
                <string>2073</string>
                <key>Asset</key>
                <dict>
                    <key>value</key>
                    <string>343</string>
                </dict>
            </dict>
            <dict>
                <key>id</key>
                <string>2074</string>
                <key>Asset</key>
                <dict>
                    <key>value</key>
                    <string>343</string>
                </dict>
            </dict>
            <dict>
                <key>id</key>
                <string>2075</string>
                <key>Asset</key>
                <dict>
                    <key>value</key>
                    <string>343</string>
                </dict>
            </dict>
            <dict>
                <key>id</key>
                <string>2076</string>
                <key>Asset</key>
                <dict>
                    <key>value</key>
                    <string>128</string>
                </dict>
            </dict>
            <dict>
                <key>id</key>
                <string>2087</string>
                <key>Asset</key>
                <dict>
                    <key>value</key>
                    <string>128</string>
                </dict>
            </dict>
            <dict>
                <key>id</key>
                <string>2091</string>
                <key>Asset</key>
                <dict>
                    <key>value</key>
                    <string>128</string>
                </dict>
            </dict>
            <dict>
                <key>id</key>
                <string>2092</string>
                <key>Asset</key>
                <dict>
                    <key>value</key>
                    <string>128</string>
                </dict>
            </dict>
            <dict>
                <key>id</key>
                <string>2093</string>
                <key>Asset</key>
                <dict>
                    <key>value</key>
                    <string>343</string>
                </dict>
            </dict>
            <dict>
                <key>id</key>
                <string>2094</string>
                <key>Asset</key>
                <dict>
                    <key>value</key>
                    <string>343</string>
                </dict>
            </dict>
            <dict>
                <key>id</key>
                <string>2095</string>
                <key>Asset</key>
                <dict>
                    <key>value</key>
                    <string>343</string>
                </dict>
            </dict>
            <dict>
                <key>id</key>
                <string>2096</string>
                <key>Asset</key>
                <dict>
                    <key>value</key>
                    <string>128</string>
                </dict>
            </dict>
            <dict>
                <key>id</key>
                <string>2107</string>
                <key>Asset</key>
                <dict>
                    <key>value</key>
                    <string>128</string>
                </dict>
            </dict>
            <dict>
                <key>id</key>
                <string>2111</string>
                <key>Asset</key>
                <dict>
                    <key>value</key>
                    <string>128</string>
                </dict>
            </dict>
            <dict>
                <key>id</key>
                <string>2112</string>
                <key>Asset</key>
                <dict>
                    <key>value</key>
                    <string>128</string>
                </dict>
            </dict>
            <dict>
                <key>id</key>
                <string>2113</string>
                <key>Asset</key>
                <dict>
                    <key>value</key>
                    <string>343</string>
                </dict>
            </dict>
            <dict>
                <key>id</key>
                <string>2114</string>
                <key>Asset</key>
                <dict>
                    <key>value</key>
                    <string>343</string>
                </dict>
            </dict>
            <dict>
                <key>id</key>
                <string>2115</string>
                <key>Asset</key>
                <dict>
                    <key>value</key>
                    <string>343</string>
                </dict>
            </dict>
            <dict>
                <key>id</key>
                <string>2116</string>
                <key>Asset</key>
                <dict>
                    <key>value</key>
                    <string>128</string>
                </dict>
            </dict>
            <dict>
                <key>id</key>
                <string>2127</string>
                <key>Asset</key>
                <dict>
                    <key>value</key>
                    <string>128</string>
                </dict>
            </dict>
            <dict>
                <key>id</key>
                <string>2131</string>
                <key>Asset</key>
                <dict>
                    <key>value</key>
                    <string>128</string>
                </dict>
            </dict>
            <dict>
                <key>id</key>
                <string>2132</string>
                <key>Asset</key>
                <dict>
                    <key>value</key>
                    <string>128</string>
                </dict>
            </dict>
            <dict>
                <key>id</key>
                <string>2133</string>
                <key>Asset</key>
                <dict>
                    <key>value</key>
                    <string>343</string>
                </dict>
            </dict>
            <dict>
                <key>id</key>
                <string>2134</string>
                <key>Asset</key>
                <dict>
                    <key>value</key>
                    <string>343</string>
                </dict>
            </dict>
            <dict>
                <key>id</key>
                <string>2135</string>
                <key>Asset</key>
                <dict>
                    <key>value</key>
                    <string>343</string>
                </dict>
            </dict>
            <dict>
                <key>id</key>
                <string>2136</string>
                <key>Asset</key>
                <dict>
                    <key>value</key>
                    <string>128</string>
                </dict>
            </dict>
        </array>
    </dict>
</plist>
