<?xml version="1.0" encoding="UTF-8"?>
<!DOCTYPE plist PUBLIC "-//Apple//DTD PLIST 1.0//EN" "http://www.apple.com/DTDs/PropertyList-1.0.dtd"/>

<plist version="1.0">
    <dict>
        <key>ROOT</key>
        <array>
            <dict>
                <key>id</key>
                <string>1553</string>
            </dict>
            <dict>
                <key>id</key>
                <string>1555</string>
            </dict>
            <dict>
                <key>id</key>
                <string>1620</string>
            </dict>
            <dict>
                <key>id</key>
                <string>1645</string>
            </dict>
            <dict>
                <key>id</key>
                <string>1655</string>
            </dict>
            <dict>
                <key>id</key>
                <string>1665</string>
            </dict>
            <dict>
                <key>id</key>
                <string>1675</string>
            </dict>
            <dict>
                <key>id</key>
                <string>1692</string>
            </dict>
            <dict>
                <key>id</key>
                <string>1702</string>
            </dict>
            <dict>
                <key>id</key>
                <string>1712</string>
            </dict>
            <dict>
                <key>id</key>
                <string>1730</string>
            </dict>
            <dict>
                <key>id</key>
                <string>1754</string>
            </dict>
            <dict>
                <key>id</key>
                <string>1764</string>
            </dict>
            <dict>
                <key>id</key>
                <string>1774</string>
            </dict>
            <dict>
                <key>id</key>
                <string>1785</string>
            </dict>
            <dict>
                <key>id</key>
                <string>1794</string>
            </dict>
            <dict>
                <key>id</key>
                <string>1803</string>
            </dict>
            <dict>
                <key>id</key>
                <string>1831</string>
            </dict>
            <dict>
                <key>id</key>
                <string>1849</string>
            </dict>
            <dict>
                <key>id</key>
                <string>1858</string>
            </dict>
            <dict>
                <key>id</key>
                <string>1867</string>
            </dict>
            <dict>
                <key>id</key>
                <string>1884</string>
            </dict>
            <dict>
                <key>id</key>
                <string>1893</string>
            </dict>
            <dict>
                <key>id</key>
                <string>1902</string>
            </dict>
            <dict>
                <key>id</key>
                <string>1919</string>
            </dict>
            <dict>
                <key>id</key>
                <string>1992</string>
            </dict>
        </array>
    </dict>
</plist>
