<?xml version="1.0" encoding="UTF-8"?>
<!DOCTYPE plist PUBLIC "-//Apple//DTD PLIST 1.0//EN" "http://www.apple.com/DTDs/PropertyList-1.0.dtd"/>

<plist version="1.0">
    <dict>
        <key>ROOT</key>
        <array>
            <dict>
                <key>id</key>
                <string>1817</string>
                <key>className</key>
                <string>PTModelObjectButtonControl</string>
                <key>Name</key>
                <dict>
                    <key>value</key>
                    <string>Jump</string>
                </dict>
                <key>Position</key>
                <dict>
                    <key>value</key>
                    <string>{938.771,134.967}</string>
                </dict>
                <key>Scale</key>
                <dict>
                    <key>value</key>
                    <string>{4.318,3.935}</string>
                </dict>
                <key>Hidden</key>
                <dict>
                    <key>visible</key>
                    <string>0</string>
                </dict>
                <key>Locked</key>
                <dict>
                    <key>visible</key>
                    <string>0</string>
                </dict>
                <key>Autohide</key>
                <dict>
                    <key>value</key>
                    <string>3.000000</string>
                </dict>
                <key>Action</key>
                <dict>
                    <key>selectedStringValue</key>
                    <string>kCharacterJumpButton</string>
                </dict>
                <key>Back To</key>
                <dict>
                    <key>visible</key>
                    <string>0</string>
                    <key>selectedStringValue</key>
                    <string></string>
                </dict>
                <key>Back To World</key>
                <dict>
                    <key>visible</key>
                    <string>0</string>
                    <key>selectedStringValue</key>
                    <string></string>
                </dict>
                <key>Keyboard Key</key>
                <dict>
                    <key>value</key>
                    <string>-1</string>
                </dict>
                <key>Touch Emulation</key>
                <dict>
                    <key>visible</key>
                    <string>0</string>
                </dict>
                <key>zDepth</key>
                <string>3</string>
            </dict>
        </array>
    </dict>
</plist>
