<?xml version="1.0" encoding="UTF-8"?>
<!DOCTYPE plist PUBLIC "-//Apple//DTD PLIST 1.0//EN" "http://www.apple.com/DTDs/PropertyList-1.0.dtd"/>

<plist version="1.0">
    <dict>
        <key>ROOT</key>
        <array>
            <dict>
                <key>id</key>
                <string>1968</string>
                <key>className</key>
                <string>PTModelObjectBackground</string>
                <key>Name</key>
                <dict>
                    <key>value</key>
                    <string>Background</string>
                </dict>
                <key>Position</key>
                <dict>
                    <key>value</key>
                    <string>{0.100,315.536}</string>
                </dict>
                <key>Scale</key>
                <dict>
                    <key>value</key>
                    <string>{4.581,4.491}</string>
                </dict>
                <key>Hidden</key>
                <dict>
                    <key>visible</key>
                    <string>0</string>
                </dict>
                <key>Locked</key>
                <dict>
                    <key>visible</key>
                    <string>0</string>
                    <key>value</key>
                    <string>1</string>
                </dict>
                <key>Tiling Offset</key>
                <dict>
                    <key>value</key>
                    <string>-2.000000</string>
                </dict>
                <key>zDepth</key>
                <string>-99</string>
            </dict>
            <dict>
                <key>id</key>
                <string>1969</string>
                <key>className</key>
                <string>PTModelObjectBackground</string>
                <key>Name</key>
                <dict>
                    <key>value</key>
                    <string>DarkClouds</string>
                </dict>
                <key>Position</key>
                <dict>
                    <key>value</key>
                    <string>{0.100,334.246}</string>
                </dict>
                <key>Scale</key>
                <dict>
                    <key>value</key>
                    <string>{1.200,1.200}</string>
                </dict>
                <key>Hidden</key>
                <dict>
                    <key>visible</key>
                    <string>0</string>
                </dict>
                <key>Locked</key>
                <dict>
                    <key>visible</key>
                    <string>0</string>
                    <key>value</key>
                    <string>1</string>
                </dict>
                <key>Opacity</key>
                <dict>
                    <key>value</key>
                    <string>0.500000</string>
                </dict>
                <key>Speed</key>
                <dict>
                    <key>value</key>
                    <string>0.200000</string>
                </dict>
                <key>zDepth</key>
                <string>-98</string>
            </dict>
            <dict>
                <key>id</key>
                <string>2063</string>
                <key>className</key>
                <string>PTModelObjectBackground</string>
                <key>Name</key>
                <dict>
                    <key>value</key>
                    <string>Background</string>
                </dict>
                <key>Position</key>
                <dict>
                    <key>value</key>
                    <string>{0.100,315.536}</string>
                </dict>
                <key>Scale</key>
                <dict>
                    <key>value</key>
                    <string>{4.581,4.491}</string>
                </dict>
                <key>Hidden</key>
                <dict>
                    <key>visible</key>
                    <string>0</string>
                </dict>
                <key>Locked</key>
                <dict>
                    <key>visible</key>
                    <string>0</string>
                    <key>value</key>
                    <string>1</string>
                </dict>
                <key>Tiling Offset</key>
                <dict>
                    <key>value</key>
                    <string>-2.000000</string>
                </dict>
                <key>zDepth</key>
                <string>-97</string>
            </dict>
            <dict>
                <key>id</key>
                <string>2064</string>
                <key>className</key>
                <string>PTModelObjectBackground</string>
                <key>Name</key>
                <dict>
                    <key>value</key>
                    <string>DarkClouds</string>
                </dict>
                <key>Position</key>
                <dict>
                    <key>value</key>
                    <string>{0.100,334.246}</string>
                </dict>
                <key>Scale</key>
                <dict>
                    <key>value</key>
                    <string>{1.200,1.200}</string>
                </dict>
                <key>Hidden</key>
                <dict>
                    <key>visible</key>
                    <string>0</string>
                </dict>
                <key>Locked</key>
                <dict>
                    <key>visible</key>
                    <string>0</string>
                    <key>value</key>
                    <string>1</string>
                </dict>
                <key>Opacity</key>
                <dict>
                    <key>value</key>
                    <string>0.500000</string>
                </dict>
                <key>Speed</key>
                <dict>
                    <key>value</key>
                    <string>0.200000</string>
                </dict>
                <key>zDepth</key>
                <string>-93</string>
            </dict>
            <dict>
                <key>id</key>
                <string>2083</string>
                <key>className</key>
                <string>PTModelObjectBackground</string>
                <key>Name</key>
                <dict>
                    <key>value</key>
                    <string>Background</string>
                </dict>
                <key>Position</key>
                <dict>
                    <key>value</key>
                    <string>{0.100,315.536}</string>
                </dict>
                <key>Scale</key>
                <dict>
                    <key>value</key>
                    <string>{4.581,4.491}</string>
                </dict>
                <key>Hidden</key>
                <dict>
                    <key>visible</key>
                    <string>0</string>
                </dict>
                <key>Locked</key>
                <dict>
                    <key>visible</key>
                    <string>0</string>
                    <key>value</key>
                    <string>1</string>
                </dict>
                <key>Tiling Offset</key>
                <dict>
                    <key>value</key>
                    <string>-2.000000</string>
                </dict>
                <key>zDepth</key>
                <string>-96</string>
            </dict>
            <dict>
                <key>id</key>
                <string>2084</string>
                <key>className</key>
                <string>PTModelObjectBackground</string>
                <key>Name</key>
                <dict>
                    <key>value</key>
                    <string>DarkClouds</string>
                </dict>
                <key>Position</key>
                <dict>
                    <key>value</key>
                    <string>{0.100,334.246}</string>
                </dict>
                <key>Scale</key>
                <dict>
                    <key>value</key>
                    <string>{1.200,1.200}</string>
                </dict>
                <key>Hidden</key>
                <dict>
                    <key>visible</key>
                    <string>0</string>
                </dict>
                <key>Locked</key>
                <dict>
                    <key>visible</key>
                    <string>0</string>
                    <key>value</key>
                    <string>1</string>
                </dict>
                <key>Opacity</key>
                <dict>
                    <key>value</key>
                    <string>0.500000</string>
                </dict>
                <key>Speed</key>
                <dict>
                    <key>value</key>
                    <string>0.200000</string>
                </dict>
                <key>zDepth</key>
                <string>-92</string>
            </dict>
            <dict>
                <key>id</key>
                <string>2103</string>
                <key>className</key>
                <string>PTModelObjectBackground</string>
                <key>Name</key>
                <dict>
                    <key>value</key>
                    <string>Background</string>
                </dict>
                <key>Position</key>
                <dict>
                    <key>value</key>
                    <string>{0.100,315.536}</string>
                </dict>
                <key>Scale</key>
                <dict>
                    <key>value</key>
                    <string>{4.581,4.491}</string>
                </dict>
                <key>Hidden</key>
                <dict>
                    <key>visible</key>
                    <string>0</string>
                </dict>
                <key>Locked</key>
                <dict>
                    <key>visible</key>
                    <string>0</string>
                    <key>value</key>
                    <string>1</string>
                </dict>
                <key>Tiling Offset</key>
                <dict>
                    <key>value</key>
                    <string>-2.000000</string>
                </dict>
                <key>zDepth</key>
                <string>-95</string>
            </dict>
            <dict>
                <key>id</key>
                <string>2104</string>
                <key>className</key>
                <string>PTModelObjectBackground</string>
                <key>Name</key>
                <dict>
                    <key>value</key>
                    <string>DarkClouds</string>
                </dict>
                <key>Position</key>
                <dict>
                    <key>value</key>
                    <string>{0.100,334.246}</string>
                </dict>
                <key>Scale</key>
                <dict>
                    <key>value</key>
                    <string>{1.200,1.200}</string>
                </dict>
                <key>Hidden</key>
                <dict>
                    <key>visible</key>
                    <string>0</string>
                </dict>
                <key>Locked</key>
                <dict>
                    <key>visible</key>
                    <string>0</string>
                    <key>value</key>
                    <string>1</string>
                </dict>
                <key>Opacity</key>
                <dict>
                    <key>value</key>
                    <string>0.500000</string>
                </dict>
                <key>Speed</key>
                <dict>
                    <key>value</key>
                    <string>0.200000</string>
                </dict>
                <key>zDepth</key>
                <string>-91</string>
            </dict>
            <dict>
                <key>id</key>
                <string>2123</string>
                <key>className</key>
                <string>PTModelObjectBackground</string>
                <key>Name</key>
                <dict>
                    <key>value</key>
                    <string>Background</string>
                </dict>
                <key>Position</key>
                <dict>
                    <key>value</key>
                    <string>{0.100,315.536}</string>
                </dict>
                <key>Scale</key>
                <dict>
                    <key>value</key>
                    <string>{4.581,4.491}</string>
                </dict>
                <key>Hidden</key>
                <dict>
                    <key>visible</key>
                    <string>0</string>
                </dict>
                <key>Locked</key>
                <dict>
                    <key>visible</key>
                    <string>0</string>
                    <key>value</key>
                    <string>1</string>
                </dict>
                <key>Tiling Offset</key>
                <dict>
                    <key>value</key>
                    <string>-2.000000</string>
                </dict>
                <key>zDepth</key>
                <string>-94</string>
            </dict>
            <dict>
                <key>id</key>
                <string>2124</string>
                <key>className</key>
                <string>PTModelObjectBackground</string>
                <key>Name</key>
                <dict>
                    <key>value</key>
                    <string>DarkClouds</string>
                </dict>
                <key>Position</key>
                <dict>
                    <key>value</key>
                    <string>{0.100,334.246}</string>
                </dict>
                <key>Scale</key>
                <dict>
                    <key>value</key>
                    <string>{1.200,1.200}</string>
                </dict>
                <key>Hidden</key>
                <dict>
                    <key>visible</key>
                    <string>0</string>
                </dict>
                <key>Locked</key>
                <dict>
                    <key>visible</key>
                    <string>0</string>
                    <key>value</key>
                    <string>1</string>
                </dict>
                <key>Opacity</key>
                <dict>
                    <key>value</key>
                    <string>0.500000</string>
                </dict>
                <key>Speed</key>
                <dict>
                    <key>value</key>
                    <string>0.200000</string>
                </dict>
                <key>zDepth</key>
                <string>-90</string>
            </dict>
        </array>
    </dict>
</plist>
