<?xml version="1.0" encoding="UTF-8"?>
<!DOCTYPE plist PUBLIC "-//Apple//DTD PLIST 1.0//EN" "http://www.apple.com/DTDs/PropertyList-1.0.dtd"/>

<plist version="1.0">
    <dict>
        <key>ROOT</key>
        <array>
            <dict>
                <key>id</key>
                <string>105</string>
                <key>sprites</key>
                <array>
                    <string>106</string>
                </array>
            </dict>
            <dict>
                <key>id</key>
                <string>120</string>
                <key>sprites</key>
                <array>
                    <string>121</string>
                </array>
            </dict>
            <dict>
                <key>id</key>
                <string>150</string>
                <key>sprites</key>
                <array>
                    <string>151</string>
                </array>
            </dict>
            <dict>
                <key>id</key>
                <string>341</string>
                <key>sprites</key>
                <array>
                    <string>342</string>
                </array>
            </dict>
            <dict>
                <key>id</key>
                <string>441</string>
                <key>sprites</key>
                <array>
                    <string>442</string>
                </array>
            </dict>
            <dict>
                <key>id</key>
                <string>991</string>
                <key>sprites</key>
                <array>
                    <string>992</string>
                </array>
            </dict>
            <dict>
                <key>id</key>
                <string>1042</string>
                <key>sprites</key>
                <array>
                    <string>1043</string>
                </array>
            </dict>
            <dict>
                <key>id</key>
                <string>1050</string>
                <key>sprites</key>
                <array>
                    <string>1051</string>
                </array>
            </dict>
            <dict>
                <key>id</key>
                <string>1186</string>
                <key>sprites</key>
                <array>
                    <string>1187</string>
                </array>
            </dict>
            <dict>
                <key>id</key>
                <string>1621</string>
                <key>sprites</key>
                <array>
                    <string>1622</string>
                </array>
            </dict>
            <dict>
                <key>id</key>
                <string>1811</string>
                <key>sprites</key>
                <array>
                    <string>1812</string>
                </array>
            </dict>
            <dict>
                <key>id</key>
                <string>1818</string>
                <key>sprites</key>
                <array>
                    <string>1819</string>
                </array>
            </dict>
            <dict>
                <key>id</key>
                <string>1907</string>
                <key>sprites</key>
                <array>
                    <string>1908</string>
                </array>
            </dict>
            <dict>
                <key>id</key>
                <string>2008</string>
                <key>sprites</key>
                <array>
                    <string>2009</string>
                </array>
            </dict>
            <dict>
                <key>id</key>
                <string>2014</string>
                <key>sprites</key>
                <array>
                    <string>2015</string>
                </array>
            </dict>
            <dict>
                <key>id</key>
                <string>2017</string>
                <key>sprites</key>
                <array>
                    <string>2018</string>
                </array>
            </dict>
            <dict>
                <key>id</key>
                <string>2022</string>
                <key>sprites</key>
                <array>
                    <string>2023</string>
                </array>
            </dict>
            <dict>
                <key>id</key>
                <string>2029</string>
                <key>sprites</key>
                <array>
                    <string>2030</string>
                </array>
            </dict>
            <dict>
                <key>id</key>
                <string>2035</string>
                <key>sprites</key>
                <array>
                    <string>2036</string>
                </array>
            </dict>
            <dict>
                <key>id</key>
                <string>2038</string>
                <key>sprites</key>
                <array>
                    <string>2039</string>
                </array>
            </dict>
            <dict>
                <key>id</key>
                <string>2041</string>
                <key>sprites</key>
                <array>
                    <string>2042</string>
                </array>
            </dict>
            <dict>
                <key>id</key>
                <string>2044</string>
                <key>sprites</key>
                <array>
                    <string>2045</string>
                </array>
            </dict>
            <dict>
                <key>id</key>
                <string>2051</string>
                <key>sprites</key>
                <array>
                    <string>2052</string>
                </array>
            </dict>
            <dict>
                <key>id</key>
                <string>2054</string>
                <key>sprites</key>
                <array>
                    <string>2055</string>
                </array>
            </dict>
            <dict>
                <key>id</key>
                <string>2141</string>
                <key>sprites</key>
                <array>
                    <string>2142</string>
                </array>
            </dict>
            <dict>
                <key>id</key>
                <string>2144</string>
                <key>sprites</key>
                <array>
                    <string>2145</string>
                </array>
            </dict>
            <dict>
                <key>id</key>
                <string>2147</string>
                <key>sprites</key>
                <array>
                    <string>2148</string>
                </array>
            </dict>
            <dict>
                <key>id</key>
                <string>2150</string>
                <key>sprites</key>
                <array>
                    <string>2151</string>
                </array>
            </dict>
            <dict>
                <key>id</key>
                <string>2153</string>
                <key>sprites</key>
                <array>
                    <string>2154</string>
                </array>
            </dict>
            <dict>
                <key>id</key>
                <string>2157</string>
                <key>sprites</key>
                <array>
                    <string>2158</string>
                </array>
            </dict>
            <dict>
                <key>id</key>
                <string>2172</string>
                <key>sprites</key>
                <array>
                    <string>2173</string>
                </array>
            </dict>
        </array>
    </dict>
</plist>
