<?xml version="1.0" encoding="UTF-8"?>
<!DOCTYPE plist PUBLIC "-//Apple//DTD PLIST 1.0//EN" "http://www.apple.com/DTDs/PropertyList-1.0.dtd"/>

<plist version="1.0">
    <dict>
        <key>ROOT</key>
        <array>
            <dict>
                <key>id</key>
                <string>98</string>
                <key>children</key>
                <array/>
            </dict>
            <dict>
                <key>id</key>
                <string>100</string>
                <key>children</key>
                <array>
                    <string>1817</string>
                    <string>1822</string>
                    <string>2010</string>
                    <string>2049</string>
                </array>
            </dict>
            <dict>
                <key>id</key>
                <string>2012</string>
                <key>children</key>
                <array>
                    <string>2013</string>
                    <string>2016</string>
                </array>
            </dict>
            <dict>
                <key>id</key>
                <string>2020</string>
                <key>children</key>
                <array>
                    <string>2021</string>
                    <string>2024</string>
                    <string>2025</string>
                </array>
            </dict>
            <dict>
                <key>id</key>
                <string>2027</string>
                <key>children</key>
                <array>
                    <string>2028</string>
                    <string>2031</string>
                    <string>2143</string>
                    <string>2146</string>
                    <string>2149</string>
                    <string>2152</string>
                    <string>2155</string>
                    <string>2156</string>
                </array>
            </dict>
            <dict>
                <key>id</key>
                <string>2033</string>
                <key>children</key>
                <array>
                    <string>2034</string>
                    <string>2037</string>
                    <string>2040</string>
                    <string>2043</string>
                    <string>2046</string>
                </array>
            </dict>
            <dict>
                <key>id</key>
                <string>2048</string>
                <key>children</key>
                <array>
                    <string>2050</string>
                    <string>2053</string>
                    <string>2056</string>
                    <string>2057</string>
                    <string>2058</string>
                </array>
            </dict>
            <dict>
                <key>id</key>
                <string>2078</string>
                <key>children</key>
                <array>
                    <string>2079</string>
                    <string>2080</string>
                </array>
            </dict>
            <dict>
                <key>id</key>
                <string>2098</string>
                <key>children</key>
                <array>
                    <string>2099</string>
                    <string>2100</string>
                </array>
            </dict>
            <dict>
                <key>id</key>
                <string>2118</string>
                <key>children</key>
                <array>
                    <string>2119</string>
                    <string>2120</string>
                </array>
            </dict>
            <dict>
                <key>id</key>
                <string>2138</string>
                <key>children</key>
                <array>
                    <string>2139</string>
                    <string>2140</string>
                </array>
            </dict>
        </array>
    </dict>
</plist>
