<?xml version="1.0" encoding="UTF-8"?>
<!DOCTYPE plist PUBLIC "-//Apple//DTD PLIST 1.0//EN" "http://www.apple.com/DTDs/PropertyList-1.0.dtd"/>

<plist version="1.0">
    <dict>
        <key>ROOT</key>
        <array>
            <dict>
                <key>id</key>
                <string>107</string>
                <key>sprites</key>
                <array>
                    <string>2015</string>
                    <string>121</string>
                    <string>442</string>
                    <string>2023</string>
                    <string>342</string>
                    <string>106</string>
                    <string>2018</string>
                    <string>1812</string>
                    <string>2055</string>
                    <string>2045</string>
                    <string>2042</string>
                    <string>2039</string>
                    <string>2052</string>
                    <string>2036</string>
                    <string>1819</string>
                    <string>2158</string>
                    <string>2154</string>
                    <string>2151</string>
                    <string>2148</string>
                    <string>2145</string>
                    <string>2142</string>
                    <string>2030</string>
                    <string>2009</string>
                    <string>151</string>
                    <string>1908</string>
                    <string>1622</string>
                </array>
            </dict>
        </array>
    </dict>
</plist>
