<?xml version="1.0" encoding="UTF-8"?>
<!DOCTYPE plist PUBLIC "-//Apple//DTD PLIST 1.0//EN" "http://www.apple.com/DTDs/PropertyList-1.0.dtd"/>

<plist version="1.0">
    <dict>
        <key>ROOT</key>
        <array>
            <dict>
                <key>id</key>
                <string>1382</string>
            </dict>
            <dict>
                <key>id</key>
                <string>2010</string>
                <key>Image</key>
                <dict>
                    <key>value</key>
                    <string>2008</string>
                </dict>
            </dict>
            <dict>
                <key>id</key>
                <string>2016</string>
                <key>Image</key>
                <dict>
                    <key>value</key>
                    <string>2017</string>
                </dict>
            </dict>
            <dict>
                <key>id</key>
                <string>2025</string>
                <key>Image</key>
                <dict>
                    <key>value</key>
                    <string>2017</string>
                </dict>
            </dict>
            <dict>
                <key>id</key>
                <string>2040</string>
                <key>Image</key>
                <dict>
                    <key>value</key>
                    <string>2038</string>
                </dict>
            </dict>
            <dict>
                <key>id</key>
                <string>2043</string>
                <key>Image</key>
                <dict>
                    <key>value</key>
                    <string>2041</string>
                </dict>
            </dict>
            <dict>
                <key>id</key>
                <string>2046</string>
                <key>Image</key>
                <dict>
                    <key>value</key>
                    <string>2044</string>
                </dict>
            </dict>
            <dict>
                <key>id</key>
                <string>2056</string>
                <key>Image</key>
                <dict>
                    <key>value</key>
                    <string>2054</string>
                </dict>
            </dict>
            <dict>
                <key>id</key>
                <string>2057</string>
                <key>Image</key>
                <dict>
                    <key>value</key>
                    <string>2041</string>
                </dict>
            </dict>
            <dict>
                <key>id</key>
                <string>2058</string>
                <key>Image</key>
                <dict>
                    <key>value</key>
                    <string>2044</string>
                </dict>
            </dict>
            <dict>
                <key>id</key>
                <string>2080</string>
                <key>Image</key>
                <dict>
                    <key>value</key>
                    <string>2017</string>
                </dict>
            </dict>
            <dict>
                <key>id</key>
                <string>2100</string>
                <key>Image</key>
                <dict>
                    <key>value</key>
                    <string>2017</string>
                </dict>
            </dict>
            <dict>
                <key>id</key>
                <string>2120</string>
                <key>Image</key>
                <dict>
                    <key>value</key>
                    <string>2017</string>
                </dict>
            </dict>
            <dict>
                <key>id</key>
                <string>2140</string>
                <key>Image</key>
                <dict>
                    <key>value</key>
                    <string>2017</string>
                </dict>
            </dict>
            <dict>
                <key>id</key>
                <string>2143</string>
                <key>Image</key>
                <dict>
                    <key>value</key>
                    <string>2141</string>
                </dict>
            </dict>
            <dict>
                <key>id</key>
                <string>2146</string>
                <key>Image</key>
                <dict>
                    <key>value</key>
                    <string>2144</string>
                </dict>
            </dict>
            <dict>
                <key>id</key>
                <string>2149</string>
                <key>Image</key>
                <dict>
                    <key>value</key>
                    <string>2147</string>
                </dict>
            </dict>
            <dict>
                <key>id</key>
                <string>2152</string>
                <key>Image</key>
                <dict>
                    <key>value</key>
                    <string>2150</string>
                </dict>
            </dict>
            <dict>
                <key>id</key>
                <string>2155</string>
                <key>Image</key>
                <dict>
                    <key>value</key>
                    <string>2153</string>
                </dict>
            </dict>
            <dict>
                <key>id</key>
                <string>2156</string>
                <key>Image</key>
                <dict>
                    <key>value</key>
                    <string>2157</string>
                </dict>
            </dict>
        </array>
    </dict>
</plist>
