<?xml version="1.0" encoding="UTF-8"?>
<!DOCTYPE plist PUBLIC "-//Apple//DTD PLIST 1.0//EN" "http://www.apple.com/DTDs/PropertyList-1.0.dtd"/>

<plist version="1.0">
    <dict>
        <key>ROOT</key>
        <array>
            <dict>
                <key>id</key>
                <string>98</string>
                <key>className</key>
                <string>PTModelScreen</string>
                <key>Name</key>
                <dict>
                    <key>visible</key>
                    <string>0</string>
                    <key>value</key>
                    <string>Untitled</string>
                </dict>
                <key>Ad Interstitial</key>
                <dict>
                    <key>selectedStringValue</key>
                    <string>kNoAds</string>
                </dict>
                <key>Ad Banner</key>
                <dict>
                    <key>selectedStringValue</key>
                    <string>kNoAds</string>
                </dict>
                <key>Background Scene</key>
                <dict>
                    <key>visible</key>
                    <string>0</string>
                    <key>selectedStringValue</key>
                    <string>kNoBackground</string>
                </dict>
                <key>key</key>
                <string>PTPScreenStart</string>
                <key>openFrames</key>
                <string>40</string>
                <key>idleFrames</key>
                <string>40</string>
                <key>closeFrames</key>
                <string>0</string>
            </dict>
            <dict>
                <key>id</key>
                <string>100</string>
                <key>className</key>
                <string>PTModelScreen</string>
                <key>Name</key>
                <dict>
                    <key>visible</key>
                    <string>0</string>
                    <key>value</key>
                    <string>Untitled</string>
                </dict>
                <key>Ad Interstitial</key>
                <dict>
                    <key>selectedStringValue</key>
                    <string>kNoAds</string>
                </dict>
                <key>Ad Banner</key>
                <dict>
                    <key>selectedStringValue</key>
                    <string>kNoAds</string>
                </dict>
                <key>Background Scene</key>
                <dict>
                    <key>visible</key>
                    <string>0</string>
                    <key>selectedStringValue</key>
                    <string>kNoBackground</string>
                </dict>
                <key>key</key>
                <string>PTPScreenMainMenu</string>
                <key>openFrames</key>
                <string>40</string>
                <key>idleFrames</key>
                <string>40</string>
                <key>closeFrames</key>
                <string>0</string>
            </dict>
            <dict>
                <key>id</key>
                <string>2012</string>
                <key>className</key>
                <string>PTModelScreen</string>
                <key>Name</key>
                <dict>
                    <key>visible</key>
                    <string>0</string>
                    <key>value</key>
                    <string>Untitled</string>
                </dict>
                <key>Ad Interstitial</key>
                <dict>
                    <key>selectedStringValue</key>
                    <string>kNoAds</string>
                </dict>
                <key>Ad Banner</key>
                <dict>
                    <key>selectedStringValue</key>
                    <string>kNoAds</string>
                </dict>
                <key>Background Scene</key>
                <dict>
                    <key>visible</key>
                    <string>0</string>
                    <key>selectedStringValue</key>
                    <string>kNoBackground</string>
                </dict>
                <key>key</key>
                <string>PTPScreenCompleteUI</string>
                <key>openFrames</key>
                <string>40</string>
                <key>idleFrames</key>
                <string>40</string>
                <key>closeFrames</key>
                <string>0</string>
            </dict>
            <dict>
                <key>id</key>
                <string>2020</string>
                <key>className</key>
                <string>PTModelScreen</string>
                <key>Name</key>
                <dict>
                    <key>visible</key>
                    <string>0</string>
                    <key>value</key>
                    <string>Untitled</string>
                </dict>
                <key>Ad Interstitial</key>
                <dict>
                    <key>selectedStringValue</key>
                    <string>kNoAds</string>
                </dict>
                <key>Ad Banner</key>
                <dict>
                    <key>selectedStringValue</key>
                    <string>kNoAds</string>
                </dict>
                <key>Background Scene</key>
                <dict>
                    <key>visible</key>
                    <string>0</string>
                    <key>selectedStringValue</key>
                    <string>kNoBackground</string>
                </dict>
                <key>key</key>
                <string>PTPScreenMainMenuUI</string>
                <key>openFrames</key>
                <string>40</string>
                <key>idleFrames</key>
                <string>40</string>
                <key>closeFrames</key>
                <string>0</string>
            </dict>
            <dict>
                <key>id</key>
                <string>2027</string>
                <key>className</key>
                <string>PTModelScreen</string>
                <key>Name</key>
                <dict>
                    <key>visible</key>
                    <string>0</string>
                    <key>value</key>
                    <string>Untitled</string>
                </dict>
                <key>Ad Interstitial</key>
                <dict>
                    <key>selectedStringValue</key>
                    <string>kNoAds</string>
                </dict>
                <key>Ad Banner</key>
                <dict>
                    <key>selectedStringValue</key>
                    <string>kNoAds</string>
                </dict>
                <key>Background Scene</key>
                <dict>
                    <key>visible</key>
                    <string>0</string>
                    <key>selectedStringValue</key>
                    <string>kNoBackground</string>
                </dict>
                <key>key</key>
                <string>PTPScreenWorldsUI</string>
                <key>openFrames</key>
                <string>40</string>
                <key>idleFrames</key>
                <string>40</string>
                <key>closeFrames</key>
                <string>0</string>
            </dict>
            <dict>
                <key>id</key>
                <string>2033</string>
                <key>className</key>
                <string>PTModelScreen</string>
                <key>Name</key>
                <dict>
                    <key>visible</key>
                    <string>0</string>
                    <key>value</key>
                    <string>Untitled</string>
                </dict>
                <key>Ad Interstitial</key>
                <dict>
                    <key>selectedStringValue</key>
                    <string>kNoAds</string>
                </dict>
                <key>Ad Banner</key>
                <dict>
                    <key>selectedStringValue</key>
                    <string>kNoAds</string>
                </dict>
                <key>Background Scene</key>
                <dict>
                    <key>visible</key>
                    <string>0</string>
                    <key>selectedStringValue</key>
                    <string>kNoBackground</string>
                </dict>
                <key>key</key>
                <string>PTPPauseScreen</string>
                <key>openFrames</key>
                <string>40</string>
                <key>idleFrames</key>
                <string>40</string>
                <key>closeFrames</key>
                <string>0</string>
            </dict>
            <dict>
                <key>id</key>
                <string>2048</string>
                <key>className</key>
                <string>PTModelScreen</string>
                <key>Name</key>
                <dict>
                    <key>visible</key>
                    <string>0</string>
                    <key>value</key>
                    <string>Untitled</string>
                </dict>
                <key>Ad Interstitial</key>
                <dict>
                    <key>selectedStringValue</key>
                    <string>kNoAds</string>
                </dict>
                <key>Ad Banner</key>
                <dict>
                    <key>selectedStringValue</key>
                    <string>kNoAds</string>
                </dict>
                <key>Background Scene</key>
                <dict>
                    <key>visible</key>
                    <string>0</string>
                    <key>selectedStringValue</key>
                    <string>kNoBackground</string>
                </dict>
                <key>key</key>
                <string>PTPGameOverScreen</string>
                <key>openFrames</key>
                <string>40</string>
                <key>idleFrames</key>
                <string>40</string>
                <key>closeFrames</key>
                <string>0</string>
            </dict>
            <dict>
                <key>id</key>
                <string>2078</string>
                <key>className</key>
                <string>PTModelScreen</string>
                <key>Name</key>
                <dict>
                    <key>visible</key>
                    <string>0</string>
                    <key>value</key>
                    <string>Untitled</string>
                </dict>
                <key>Ad Interstitial</key>
                <dict>
                    <key>selectedStringValue</key>
                    <string>kNoAds</string>
                </dict>
                <key>Ad Banner</key>
                <dict>
                    <key>selectedStringValue</key>
                    <string>kNoAds</string>
                </dict>
                <key>Background Scene</key>
                <dict>
                    <key>visible</key>
                    <string>0</string>
                    <key>selectedStringValue</key>
                    <string>kNoBackground</string>
                </dict>
                <key>key</key>
                <string>PTPScreenUi 1</string>
                <key>openFrames</key>
                <string>40</string>
                <key>idleFrames</key>
                <string>40</string>
                <key>closeFrames</key>
                <string>0</string>
            </dict>
            <dict>
                <key>id</key>
                <string>2098</string>
                <key>className</key>
                <string>PTModelScreen</string>
                <key>Name</key>
                <dict>
                    <key>visible</key>
                    <string>0</string>
                    <key>value</key>
                    <string>Untitled</string>
                </dict>
                <key>Ad Interstitial</key>
                <dict>
                    <key>selectedStringValue</key>
                    <string>kNoAds</string>
                </dict>
                <key>Ad Banner</key>
                <dict>
                    <key>selectedStringValue</key>
                    <string>kNoAds</string>
                </dict>
                <key>Background Scene</key>
                <dict>
                    <key>visible</key>
                    <string>0</string>
                    <key>selectedStringValue</key>
                    <string>kNoBackground</string>
                </dict>
                <key>key</key>
                <string>PTPScreenUi 2</string>
                <key>openFrames</key>
                <string>40</string>
                <key>idleFrames</key>
                <string>40</string>
                <key>closeFrames</key>
                <string>0</string>
            </dict>
            <dict>
                <key>id</key>
                <string>2118</string>
                <key>className</key>
                <string>PTModelScreen</string>
                <key>Name</key>
                <dict>
                    <key>visible</key>
                    <string>0</string>
                    <key>value</key>
                    <string>Untitled</string>
                </dict>
                <key>Ad Interstitial</key>
                <dict>
                    <key>selectedStringValue</key>
                    <string>kNoAds</string>
                </dict>
                <key>Ad Banner</key>
                <dict>
                    <key>selectedStringValue</key>
                    <string>kNoAds</string>
                </dict>
                <key>Background Scene</key>
                <dict>
                    <key>visible</key>
                    <string>0</string>
                    <key>selectedStringValue</key>
                    <string>kNoBackground</string>
                </dict>
                <key>key</key>
                <string>PTPScreenUi 3</string>
                <key>openFrames</key>
                <string>40</string>
                <key>idleFrames</key>
                <string>40</string>
                <key>closeFrames</key>
                <string>0</string>
            </dict>
            <dict>
                <key>id</key>
                <string>2138</string>
                <key>className</key>
                <string>PTModelScreen</string>
                <key>Name</key>
                <dict>
                    <key>visible</key>
                    <string>0</string>
                    <key>value</key>
                    <string>Untitled</string>
                </dict>
                <key>Ad Interstitial</key>
                <dict>
                    <key>selectedStringValue</key>
                    <string>kNoAds</string>
                </dict>
                <key>Ad Banner</key>
                <dict>
                    <key>selectedStringValue</key>
                    <string>kNoAds</string>
                </dict>
                <key>Background Scene</key>
                <dict>
                    <key>visible</key>
                    <string>0</string>
                    <key>selectedStringValue</key>
                    <string>kNoBackground</string>
                </dict>
                <key>key</key>
                <string>PTPScreenUi 4</string>
                <key>openFrames</key>
                <string>40</string>
                <key>idleFrames</key>
                <string>40</string>
                <key>closeFrames</key>
                <string>0</string>
            </dict>
        </array>
    </dict>
</plist>
