<?xml version="1.0" encoding="UTF-8"?>
<!DOCTYPE plist PUBLIC "-//Apple//DTD PLIST 1.0//EN" "http://www.apple.com/DTDs/PropertyList-1.0.dtd"/>

<plist version="1.0">
    <dict>
        <key>ROOT</key>
        <array>
            <dict>
                <key>id</key>
                <string>111</string>
                <key>Default Animation</key>
                <dict>
                    <key>value</key>
                    <string>113</string>
                </dict>
                <key>Shooting Animation</key>
                <dict>
                    <key>value</key>
                    <string>1633</string>
                </dict>
                <key>Bullet Animation</key>
                <dict>
                    <key>value</key>
                    <string>1625</string>
                </dict>
                <key>Move Animation</key>
                <dict>
                    <key>value</key>
                    <string>154</string>
                </dict>
                <key>Defeated Animation</key>
                <dict>
                    <key>value</key>
                    <string>979</string>
                </dict>
                <key>components</key>
                <array>
                    <string>117</string>
                </array>
            </dict>
        </array>
    </dict>
</plist>
