<?xml version="1.0" encoding="UTF-8"?>
<!DOCTYPE plist PUBLIC "-//Apple//DTD PLIST 1.0//EN" "http://www.apple.com/DTDs/PropertyList-1.0.dtd"/>

<plist version="1.0">
    <dict>
        <key>ROOT</key>
        <array>
            <dict>
                <key>id</key>
                <string>1553</string>
                <key>className</key>
                <string>PTModelComponentSpawner</string>
                <key>Name</key>
                <dict>
                    <key>visible</key>
                    <string>0</string>
                    <key>value</key>
                    <string>Spawner</string>
                </dict>
                <key>Spawn Rate</key>
                <dict>
                    <key>value</key>
                    <string>0.300000</string>
                </dict>
                <key>Spawn Action</key>
                <dict>
                    <key>selectedStringValue</key>
                    <string>kPermanentSpawning</string>
                </dict>
            </dict>
            <dict>
                <key>id</key>
                <string>1555</string>
                <key>className</key>
                <string>PTModelComponentSpawner</string>
                <key>Name</key>
                <dict>
                    <key>visible</key>
                    <string>0</string>
                    <key>value</key>
                    <string>Spawner</string>
                </dict>
                <key>Spawn Action</key>
                <dict>
                    <key>selectedStringValue</key>
                    <string>kShootingSpawning</string>
                </dict>
            </dict>
            <dict>
                <key>id</key>
                <string>1620</string>
                <key>className</key>
                <string>PTModelComponentSpawner</string>
                <key>Name</key>
                <dict>
                    <key>visible</key>
                    <string>0</string>
                    <key>value</key>
                    <string>Spawner</string>
                </dict>
                <key>Spawn Action</key>
                <dict>
                    <key>selectedStringValue</key>
                    <string>kShootingSpawning</string>
                </dict>
            </dict>
            <dict>
                <key>id</key>
                <string>1645</string>
                <key>className</key>
                <string>PTModelComponentSpawner</string>
                <key>Name</key>
                <dict>
                    <key>visible</key>
                    <string>0</string>
                    <key>value</key>
                    <string>Spawner</string>
                </dict>
                <key>Spawn Rate</key>
                <dict>
                    <key>value</key>
                    <string>0.250000</string>
                </dict>
                <key>Spawn Action</key>
                <dict>
                    <key>selectedStringValue</key>
                    <string>kShootingSpawning</string>
                </dict>
            </dict>
            <dict>
                <key>id</key>
                <string>1655</string>
                <key>className</key>
                <string>PTModelComponentSpawner</string>
                <key>Name</key>
                <dict>
                    <key>visible</key>
                    <string>0</string>
                    <key>value</key>
                    <string>Spawner</string>
                </dict>
                <key>Spawn Rate</key>
                <dict>
                    <key>value</key>
                    <string>0.250000</string>
                </dict>
                <key>Spawn Action</key>
                <dict>
                    <key>selectedStringValue</key>
                    <string>kShootingSpawning</string>
                </dict>
            </dict>
            <dict>
                <key>id</key>
                <string>1665</string>
                <key>className</key>
                <string>PTModelComponentSpawner</string>
                <key>Name</key>
                <dict>
                    <key>visible</key>
                    <string>0</string>
                    <key>value</key>
                    <string>Spawner</string>
                </dict>
                <key>Spawn Rate</key>
                <dict>
                    <key>value</key>
                    <string>0.250000</string>
                </dict>
                <key>Spawn Action</key>
                <dict>
                    <key>selectedStringValue</key>
                    <string>kShootingSpawning</string>
                </dict>
            </dict>
            <dict>
                <key>id</key>
                <string>1675</string>
                <key>className</key>
                <string>PTModelComponentSpawner</string>
                <key>Name</key>
                <dict>
                    <key>visible</key>
                    <string>0</string>
                    <key>value</key>
                    <string>Spawner</string>
                </dict>
                <key>Spawn Rate</key>
                <dict>
                    <key>value</key>
                    <string>0.250000</string>
                </dict>
                <key>Spawn Action</key>
                <dict>
                    <key>selectedStringValue</key>
                    <string>kShootingSpawning</string>
                </dict>
            </dict>
            <dict>
                <key>id</key>
                <string>1692</string>
                <key>className</key>
                <string>PTModelComponentSpawner</string>
                <key>Name</key>
                <dict>
                    <key>visible</key>
                    <string>0</string>
                    <key>value</key>
                    <string>Spawner</string>
                </dict>
                <key>Spawn Rate</key>
                <dict>
                    <key>value</key>
                    <string>0.250000</string>
                </dict>
                <key>Spawn Action</key>
                <dict>
                    <key>selectedStringValue</key>
                    <string>kShootingSpawning</string>
                </dict>
            </dict>
            <dict>
                <key>id</key>
                <string>1702</string>
                <key>className</key>
                <string>PTModelComponentSpawner</string>
                <key>Name</key>
                <dict>
                    <key>visible</key>
                    <string>0</string>
                    <key>value</key>
                    <string>Spawner</string>
                </dict>
                <key>Spawn Rate</key>
                <dict>
                    <key>value</key>
                    <string>0.250000</string>
                </dict>
                <key>Spawn Action</key>
                <dict>
                    <key>selectedStringValue</key>
                    <string>kShootingSpawning</string>
                </dict>
            </dict>
            <dict>
                <key>id</key>
                <string>1712</string>
                <key>className</key>
                <string>PTModelComponentSpawner</string>
                <key>Name</key>
                <dict>
                    <key>visible</key>
                    <string>0</string>
                    <key>value</key>
                    <string>Spawner</string>
                </dict>
                <key>Spawn Rate</key>
                <dict>
                    <key>value</key>
                    <string>0.250000</string>
                </dict>
                <key>Spawn Action</key>
                <dict>
                    <key>selectedStringValue</key>
                    <string>kShootingSpawning</string>
                </dict>
            </dict>
            <dict>
                <key>id</key>
                <string>1730</string>
                <key>className</key>
                <string>PTModelComponentSpawner</string>
                <key>Name</key>
                <dict>
                    <key>visible</key>
                    <string>0</string>
                    <key>value</key>
                    <string>Spawner</string>
                </dict>
                <key>Spawn Rate</key>
                <dict>
                    <key>value</key>
                    <string>0.250000</string>
                </dict>
                <key>Spawn Action</key>
                <dict>
                    <key>selectedStringValue</key>
                    <string>kShootingSpawning</string>
                </dict>
            </dict>
            <dict>
                <key>id</key>
                <string>1754</string>
                <key>className</key>
                <string>PTModelComponentSpawner</string>
                <key>Name</key>
                <dict>
                    <key>visible</key>
                    <string>0</string>
                    <key>value</key>
                    <string>Spawner</string>
                </dict>
                <key>Spawn Rate</key>
                <dict>
                    <key>value</key>
                    <string>0.250000</string>
                </dict>
                <key>Spawn Action</key>
                <dict>
                    <key>selectedStringValue</key>
                    <string>kShootingSpawning</string>
                </dict>
            </dict>
            <dict>
                <key>id</key>
                <string>1764</string>
                <key>className</key>
                <string>PTModelComponentSpawner</string>
                <key>Name</key>
                <dict>
                    <key>visible</key>
                    <string>0</string>
                    <key>value</key>
                    <string>Spawner</string>
                </dict>
                <key>Spawn Rate</key>
                <dict>
                    <key>value</key>
                    <string>0.250000</string>
                </dict>
                <key>Spawn Action</key>
                <dict>
                    <key>selectedStringValue</key>
                    <string>kShootingSpawning</string>
                </dict>
            </dict>
            <dict>
                <key>id</key>
                <string>1774</string>
                <key>className</key>
                <string>PTModelComponentSpawner</string>
                <key>Name</key>
                <dict>
                    <key>visible</key>
                    <string>0</string>
                    <key>value</key>
                    <string>Spawner</string>
                </dict>
                <key>Spawn Rate</key>
                <dict>
                    <key>value</key>
                    <string>0.250000</string>
                </dict>
                <key>Spawn Action</key>
                <dict>
                    <key>selectedStringValue</key>
                    <string>kShootingSpawning</string>
                </dict>
            </dict>
            <dict>
                <key>id</key>
                <string>1785</string>
                <key>className</key>
                <string>PTModelComponentSpawner</string>
                <key>Name</key>
                <dict>
                    <key>visible</key>
                    <string>0</string>
                    <key>value</key>
                    <string>Spawner</string>
                </dict>
                <key>Spawn Rate</key>
                <dict>
                    <key>value</key>
                    <string>0.250000</string>
                </dict>
                <key>Spawn Action</key>
                <dict>
                    <key>selectedStringValue</key>
                    <string>kShootingSpawning</string>
                </dict>
            </dict>
            <dict>
                <key>id</key>
                <string>1794</string>
                <key>className</key>
                <string>PTModelComponentSpawner</string>
                <key>Name</key>
                <dict>
                    <key>visible</key>
                    <string>0</string>
                    <key>value</key>
                    <string>Spawner</string>
                </dict>
                <key>Spawn Rate</key>
                <dict>
                    <key>value</key>
                    <string>0.250000</string>
                </dict>
                <key>Spawn Action</key>
                <dict>
                    <key>selectedStringValue</key>
                    <string>kShootingSpawning</string>
                </dict>
            </dict>
            <dict>
                <key>id</key>
                <string>1803</string>
                <key>className</key>
                <string>PTModelComponentSpawner</string>
                <key>Name</key>
                <dict>
                    <key>visible</key>
                    <string>0</string>
                    <key>value</key>
                    <string>Spawner</string>
                </dict>
                <key>Spawn Rate</key>
                <dict>
                    <key>value</key>
                    <string>0.250000</string>
                </dict>
                <key>Spawn Action</key>
                <dict>
                    <key>selectedStringValue</key>
                    <string>kShootingSpawning</string>
                </dict>
            </dict>
            <dict>
                <key>id</key>
                <string>1831</string>
                <key>className</key>
                <string>PTModelComponentSpawner</string>
                <key>Name</key>
                <dict>
                    <key>visible</key>
                    <string>0</string>
                    <key>value</key>
                    <string>Spawner</string>
                </dict>
                <key>Spawn Rate</key>
                <dict>
                    <key>value</key>
                    <string>0.250000</string>
                </dict>
                <key>Spawn Action</key>
                <dict>
                    <key>selectedStringValue</key>
                    <string>kShootingSpawning</string>
                </dict>
            </dict>
            <dict>
                <key>id</key>
                <string>1849</string>
                <key>className</key>
                <string>PTModelComponentSpawner</string>
                <key>Name</key>
                <dict>
                    <key>visible</key>
                    <string>0</string>
                    <key>value</key>
                    <string>Spawner</string>
                </dict>
                <key>Spawn Rate</key>
                <dict>
                    <key>value</key>
                    <string>0.250000</string>
                </dict>
                <key>Spawn Action</key>
                <dict>
                    <key>selectedStringValue</key>
                    <string>kShootingSpawning</string>
                </dict>
            </dict>
            <dict>
                <key>id</key>
                <string>1858</string>
                <key>className</key>
                <string>PTModelComponentSpawner</string>
                <key>Name</key>
                <dict>
                    <key>visible</key>
                    <string>0</string>
                    <key>value</key>
                    <string>Spawner</string>
                </dict>
                <key>Spawn Rate</key>
                <dict>
                    <key>value</key>
                    <string>0.250000</string>
                </dict>
                <key>Spawn Action</key>
                <dict>
                    <key>selectedStringValue</key>
                    <string>kShootingSpawning</string>
                </dict>
            </dict>
            <dict>
                <key>id</key>
                <string>1867</string>
                <key>className</key>
                <string>PTModelComponentSpawner</string>
                <key>Name</key>
                <dict>
                    <key>visible</key>
                    <string>0</string>
                    <key>value</key>
                    <string>Spawner</string>
                </dict>
                <key>Spawn Rate</key>
                <dict>
                    <key>value</key>
                    <string>0.250000</string>
                </dict>
                <key>Spawn Action</key>
                <dict>
                    <key>selectedStringValue</key>
                    <string>kShootingSpawning</string>
                </dict>
            </dict>
            <dict>
                <key>id</key>
                <string>1884</string>
                <key>className</key>
                <string>PTModelComponentSpawner</string>
                <key>Name</key>
                <dict>
                    <key>visible</key>
                    <string>0</string>
                    <key>value</key>
                    <string>Spawner</string>
                </dict>
                <key>Spawn Rate</key>
                <dict>
                    <key>value</key>
                    <string>0.250000</string>
                </dict>
                <key>Spawn Action</key>
                <dict>
                    <key>selectedStringValue</key>
                    <string>kShootingSpawning</string>
                </dict>
            </dict>
            <dict>
                <key>id</key>
                <string>1893</string>
                <key>className</key>
                <string>PTModelComponentSpawner</string>
                <key>Name</key>
                <dict>
                    <key>visible</key>
                    <string>0</string>
                    <key>value</key>
                    <string>Spawner</string>
                </dict>
                <key>Spawn Rate</key>
                <dict>
                    <key>value</key>
                    <string>0.250000</string>
                </dict>
                <key>Spawn Action</key>
                <dict>
                    <key>selectedStringValue</key>
                    <string>kShootingSpawning</string>
                </dict>
            </dict>
            <dict>
                <key>id</key>
                <string>1902</string>
                <key>className</key>
                <string>PTModelComponentSpawner</string>
                <key>Name</key>
                <dict>
                    <key>visible</key>
                    <string>0</string>
                    <key>value</key>
                    <string>Spawner</string>
                </dict>
                <key>Spawn Rate</key>
                <dict>
                    <key>value</key>
                    <string>0.250000</string>
                </dict>
                <key>Spawn Action</key>
                <dict>
                    <key>selectedStringValue</key>
                    <string>kShootingSpawning</string>
                </dict>
            </dict>
            <dict>
                <key>id</key>
                <string>1919</string>
                <key>className</key>
                <string>PTModelComponentSpawner</string>
                <key>Name</key>
                <dict>
                    <key>visible</key>
                    <string>0</string>
                    <key>value</key>
                    <string>Spawner</string>
                </dict>
                <key>Spawn Action</key>
                <dict>
                    <key>selectedStringValue</key>
                    <string>kShootingSpawning</string>
                </dict>
            </dict>
            <dict>
                <key>id</key>
                <string>1992</string>
                <key>className</key>
                <string>PTModelComponentSpawner</string>
                <key>Name</key>
                <dict>
                    <key>visible</key>
                    <string>0</string>
                    <key>value</key>
                    <string>Spawner</string>
                </dict>
                <key>Spawn Action</key>
                <dict>
                    <key>selectedStringValue</key>
                    <string>kShootingSpawning</string>
                </dict>
            </dict>
        </array>
    </dict>
</plist>
