<?xml version="1.0" encoding="UTF-8"?>
<!DOCTYPE plist PUBLIC "-//Apple//DTD PLIST 1.0//EN" "http://www.apple.com/DTDs/PropertyList-1.0.dtd"/>

<plist version="1.0">
    <dict>
        <key>ROOT</key>
        <array>
            <dict>
                <key>id</key>
                <string>99</string>
                <key>className</key>
                <string>PTNodeUI</string>
                <key>Name</key>
                <dict>
                    <key>value</key>
                    <string>World UI</string>
                </dict>
                <key>Position</key>
                <dict>
                    <key>value</key>
                    <string>{700.000,-100.000}</string>
                </dict>
            </dict>
            <dict>
                <key>id</key>
                <string>2011</string>
                <key>className</key>
                <string>PTNodeUI</string>
                <key>Name</key>
                <dict>
                    <key>value</key>
                    <string>World 1 Complete UI</string>
                </dict>
                <key>Position</key>
                <dict>
                    <key>value</key>
                    <string>{400.000,-100.000}</string>
                </dict>
            </dict>
            <dict>
                <key>id</key>
                <string>2019</string>
                <key>className</key>
                <string>PTNodeUI</string>
                <key>Name</key>
                <dict>
                    <key>value</key>
                    <string>Main Menu UI</string>
                </dict>
                <key>Position</key>
                <dict>
                    <key>value</key>
                    <string>{-200.000,-100.000}</string>
                </dict>
            </dict>
            <dict>
                <key>id</key>
                <string>2026</string>
                <key>className</key>
                <string>PTNodeUI</string>
                <key>Name</key>
                <dict>
                    <key>value</key>
                    <string>World Select UI</string>
                </dict>
                <key>Position</key>
                <dict>
                    <key>value</key>
                    <string>{-200.000,10.000}</string>
                </dict>
            </dict>
            <dict>
                <key>id</key>
                <string>2032</string>
                <key>className</key>
                <string>PTNodeUI</string>
                <key>Name</key>
                <dict>
                    <key>value</key>
                    <string>Pause</string>
                </dict>
                <key>Position</key>
                <dict>
                    <key>value</key>
                    <string>{920.000,-210.000}</string>
                </dict>
            </dict>
            <dict>
                <key>id</key>
                <string>2047</string>
                <key>className</key>
                <string>PTNodeUI</string>
                <key>Name</key>
                <dict>
                    <key>value</key>
                    <string>Game Over UI</string>
                </dict>
                <key>Position</key>
                <dict>
                    <key>value</key>
                    <string>{920.000,-100.000}</string>
                </dict>
            </dict>
            <dict>
                <key>id</key>
                <string>2077</string>
                <key>className</key>
                <string>PTNodeUI</string>
                <key>Name</key>
                <dict>
                    <key>value</key>
                    <string>World 2 Complete UI</string>
                </dict>
                <key>Position</key>
                <dict>
                    <key>value</key>
                    <string>{400.000,10.000}</string>
                </dict>
            </dict>
            <dict>
                <key>id</key>
                <string>2097</string>
                <key>className</key>
                <string>PTNodeUI</string>
                <key>Name</key>
                <dict>
                    <key>value</key>
                    <string>World 3 Complete UI</string>
                </dict>
                <key>Position</key>
                <dict>
                    <key>value</key>
                    <string>{400.000,120.000}</string>
                </dict>
            </dict>
            <dict>
                <key>id</key>
                <string>2117</string>
                <key>className</key>
                <string>PTNodeUI</string>
                <key>Name</key>
                <dict>
                    <key>value</key>
                    <string>World 4 Complete UI</string>
                </dict>
                <key>Position</key>
                <dict>
                    <key>value</key>
                    <string>{400.000,230.000}</string>
                </dict>
            </dict>
            <dict>
                <key>id</key>
                <string>2137</string>
                <key>className</key>
                <string>PTNodeUI</string>
                <key>Name</key>
                <dict>
                    <key>value</key>
                    <string>World 5 Complete UI</string>
                </dict>
                <key>Position</key>
                <dict>
                    <key>value</key>
                    <string>{400.000,340.000}</string>
                </dict>
            </dict>
        </array>
    </dict>
</plist>
