<?xml version="1.0" encoding="UTF-8"?>
<!DOCTYPE plist PUBLIC "-//Apple//DTD PLIST 1.0//EN" "http://www.apple.com/DTDs/PropertyList-1.0.dtd"/>

<plist version="1.0">
    <dict>
        <key>ROOT</key>
        <array>
            <dict>
                <key>id</key>
                <string>1393</string>
                <key>UI</key>
                <dict>
                    <key>connectedModelId</key>
                    <string>99</string>
                    <key>attributeName</key>
                    <string>Load</string>
                    <key>isAction</key>
                    <string>true</string>
                </dict>
                <key>Next</key>
                <dict>
                    <key>connectedModelId</key>
                    <string>2011</string>
                    <key>attributeName</key>
                    <string>Load</string>
                    <key>isAction</key>
                    <string>true</string>
                </dict>
                <key>modelId</key>
                <string>1394</string>
                <key>attributesCount</key>
                <string>5</string>
            </dict>
            <dict>
                <key>id</key>
                <string>2061</string>
                <key>UI</key>
                <dict>
                    <key>connectedModelId</key>
                    <string>99</string>
                    <key>attributeName</key>
                    <string>Load</string>
                    <key>isAction</key>
                    <string>true</string>
                </dict>
                <key>Next</key>
                <dict>
                    <key>connectedModelId</key>
                    <string>2077</string>
                    <key>attributeName</key>
                    <string>Load</string>
                    <key>isAction</key>
                    <string>true</string>
                </dict>
                <key>modelId</key>
                <string>2062</string>
                <key>attributesCount</key>
                <string>5</string>
            </dict>
            <dict>
                <key>id</key>
                <string>2081</string>
                <key>UI</key>
                <dict>
                    <key>connectedModelId</key>
                    <string>99</string>
                    <key>attributeName</key>
                    <string>Load</string>
                    <key>isAction</key>
                    <string>true</string>
                </dict>
                <key>Next</key>
                <dict>
                    <key>connectedModelId</key>
                    <string>2097</string>
                    <key>attributeName</key>
                    <string>Load</string>
                    <key>isAction</key>
                    <string>true</string>
                </dict>
                <key>modelId</key>
                <string>2082</string>
                <key>attributesCount</key>
                <string>5</string>
            </dict>
            <dict>
                <key>id</key>
                <string>2101</string>
                <key>UI</key>
                <dict>
                    <key>connectedModelId</key>
                    <string>99</string>
                    <key>attributeName</key>
                    <string>Load</string>
                    <key>isAction</key>
                    <string>true</string>
                </dict>
                <key>Next</key>
                <dict>
                    <key>connectedModelId</key>
                    <string>2117</string>
                    <key>attributeName</key>
                    <string>Load</string>
                    <key>isAction</key>
                    <string>true</string>
                </dict>
                <key>modelId</key>
                <string>2102</string>
                <key>attributesCount</key>
                <string>5</string>
            </dict>
            <dict>
                <key>id</key>
                <string>2121</string>
                <key>UI</key>
                <dict>
                    <key>connectedModelId</key>
                    <string>99</string>
                    <key>attributeName</key>
                    <string>Load</string>
                    <key>isAction</key>
                    <string>true</string>
                </dict>
                <key>Next</key>
                <dict>
                    <key>connectedModelId</key>
                    <string>2137</string>
                    <key>attributeName</key>
                    <string>Load</string>
                    <key>isAction</key>
                    <string>true</string>
                </dict>
                <key>modelId</key>
                <string>2122</string>
                <key>attributesCount</key>
                <string>5</string>
            </dict>
        </array>
    </dict>
</plist>
