<?xml version="1.0" encoding="UTF-8"?>
<!DOCTYPE plist PUBLIC "-//Apple//DTD PLIST 1.0//EN" "http://www.apple.com/DTDs/PropertyList-1.0.dtd"/>

<plist version="1.0">
    <dict>
        <key>ROOT</key>
        <array>
            <dict>
                <key>id</key>
                <string>99</string>
                <key>Game Over</key>
                <dict>
                    <key>connectedModelId</key>
                    <string>2047</string>
                    <key>attributeName</key>
                    <string>Load</string>
                    <key>isAction</key>
                    <string>true</string>
                </dict>
                <key>Pause</key>
                <dict>
                    <key>connectedModelId</key>
                    <string>2032</string>
                    <key>attributeName</key>
                    <string>Load</string>
                    <key>isAction</key>
                    <string>true</string>
                </dict>
                <key>modelId</key>
                <string>100</string>
                <key>attributesCount</key>
                <string>5</string>
            </dict>
            <dict>
                <key>id</key>
                <string>2011</string>
                <key>modelId</key>
                <string>2012</string>
                <key>attributesCount</key>
                <string>4</string>
            </dict>
            <dict>
                <key>id</key>
                <string>2019</string>
                <key>Start</key>
                <dict>
                    <key>connectedModelId</key>
                    <string>2026</string>
                    <key>attributeName</key>
                    <string>Load</string>
                    <key>isAction</key>
                    <string>true</string>
                </dict>
                <key>modelId</key>
                <string>2020</string>
                <key>attributesCount</key>
                <string>4</string>
            </dict>
            <dict>
                <key>id</key>
                <string>2026</string>
                <key>World 5</key>
                <dict>
                    <key>connectedModelId</key>
                    <string>2121</string>
                    <key>attributeName</key>
                    <string>Load</string>
                    <key>isAction</key>
                    <string>true</string>
                </dict>
                <key>World 4</key>
                <dict>
                    <key>connectedModelId</key>
                    <string>2101</string>
                    <key>attributeName</key>
                    <string>Load</string>
                    <key>isAction</key>
                    <string>true</string>
                </dict>
                <key>World 3</key>
                <dict>
                    <key>connectedModelId</key>
                    <string>2081</string>
                    <key>attributeName</key>
                    <string>Load</string>
                    <key>isAction</key>
                    <string>true</string>
                </dict>
                <key>World 2</key>
                <dict>
                    <key>connectedModelId</key>
                    <string>2061</string>
                    <key>attributeName</key>
                    <string>Load</string>
                    <key>isAction</key>
                    <string>true</string>
                </dict>
                <key>World 1</key>
                <dict>
                    <key>connectedModelId</key>
                    <string>1393</string>
                    <key>attributeName</key>
                    <string>Load</string>
                    <key>isAction</key>
                    <string>true</string>
                </dict>
                <key>modelId</key>
                <string>2027</string>
                <key>attributesCount</key>
                <string>8</string>
            </dict>
            <dict>
                <key>id</key>
                <string>2032</string>
                <key>modelId</key>
                <string>2033</string>
                <key>attributesCount</key>
                <string>3</string>
            </dict>
            <dict>
                <key>id</key>
                <string>2047</string>
                <key>modelId</key>
                <string>2048</string>
                <key>attributesCount</key>
                <string>3</string>
            </dict>
            <dict>
                <key>id</key>
                <string>2077</string>
                <key>modelId</key>
                <string>2078</string>
                <key>attributesCount</key>
                <string>4</string>
            </dict>
            <dict>
                <key>id</key>
                <string>2097</string>
                <key>modelId</key>
                <string>2098</string>
                <key>attributesCount</key>
                <string>4</string>
            </dict>
            <dict>
                <key>id</key>
                <string>2117</string>
                <key>modelId</key>
                <string>2118</string>
                <key>attributesCount</key>
                <string>4</string>
            </dict>
            <dict>
                <key>id</key>
                <string>2137</string>
                <key>modelId</key>
                <string>2138</string>
                <key>attributesCount</key>
                <string>4</string>
            </dict>
        </array>
    </dict>
</plist>
